Indexcd,Idxtrd01,Idxtrd02,Idxtrd03,Idxtrd04,Idxtrd05,Idxtrd06,Idxtrd07,Idxtrd08
交易所指数代码,交易日期,开盘指数,最高指数,最低指数,收盘指数,成份证券成交量,成份证券成交金额,指数回报率
没有单位,没有单位,没有单位,没有单位,没有单位,没有单位,万股,万元,没有单位
300,2016/5/3,3159.823,3218.485,3151.405,3213.54,981648.35,11573386.76,1.7992
300,2016/5/4,3203.465,3222.882,3198.292,3209.461,908624.08,9779713.48,-0.1269
300,2016/5/5,3204.169,3217.282,3196.566,3213.92,747336.81,8394649.69,0.1389
300,2016/5/6,3213.136,3216.893,3130.147,3130.354,1086802.4,11926521.61,-2.6001
300,2016/5/9,3115.43,3115.43,3055.006,3065.615,992304.77,10040921.35,-2.0681
300,2016/5/10,3055.212,3084.725,3055.183,3069.112,688499.35,7065076.41,0.1141
300,2016/5/11,3080.636,3102.877,3063.088,3082.809,817942.58,8732340.83,0.4463
300,2016/5/12,3059.383,3095.349,3035.023,3090.137,787657.26,8141879.26,0.2377
300,2016/5/13,3081.68,3103.096,3064.691,3074.935,626297.55,6585099.56,-0.492
300,2016/5/16,3064.526,3095.555,3053.662,3095.309,594618.56,6440520,0.6626
300,2016/5/17,3095.523,3105.201,3073.459,3086.025,652781.25,7538938.55,-0.2999
300,2016/5/18,3071.529,3072.612,3039.462,3068.036,827153.69,8845884.71,-0.5829
300,2016/5/19,3060.343,3086.977,3058.145,3062.5,604441.66,6867906.04,-0.1804
300,2016/5/20,3047.778,3078.532,3041.517,3078.218,560808.42,6512425.11,0.5132
300,2016/5/23,3078.515,3098.478,3076.504,3087.223,596972.16,7033751.45,0.2925
300,2016/5/24,3083.244,3083.257,3052.591,3063.556,587343.85,6110601.54,-0.7666
300,2016/5/25,3079.749,3089.102,3054.87,3059.226,566528.03,6331656.25,-0.1413
300,2016/5/26,3056.6,3072.524,3027.444,3064.211,603929.81,6598518.39,0.1629
300,2016/5/27,3059.732,3073.756,3052.179,3062.499,604687.5,5937177.71,-0.0559
300,2016/5/30,3056.314,3075.261,3037.665,3066.71,630985.79,6349656.5,0.1375
300,2016/5/31,3068.596,3170.926,3068.596,3169.56,1388631.11,15139817.6,3.3538
300,2016/6/1,3172.962,3181.793,3159.818,3160.547,1131484.82,13170082.12,-0.2844
300,2016/6/2,3158.026,3168.824,3151.065,3167.1,860034.27,9709362.53,0.2073
300,2016/6/3,3172.946,3201.749,3162.088,3189.326,1014917.83,13633202.71,0.7018
300,2016/6/6,3192.779,3197.22,3168.554,3178.788,766937.51,10117623.14,-0.3304
300,2016/6/7,3182.437,3186.617,3168.179,3177.054,689283.14,8871161.84,-0.0545
300,2016/6/8,3171.813,3174.972,3148.352,3163.986,762917.75,9768279.09,-0.4113
300,2016/6/13,3134.045,3145.606,3065.767,3066.341,929759.47,11409132,-3.0861
300,2016/6/14,3058.443,3078.749,3055.655,3075.983,662794.57,7862230.54,0.3144
300,2016/6/15,3043.958,3128.673,3042.233,3116.368,873932.57,10617017.79,1.3129
300,2016/6/16,3104.362,3112.476,3089.478,3094.675,829747.03,9349623.89,-0.6961
300,2016/6/17,3096.09,3131.049,3096.09,3110.357,854029.85,9795338.93,0.5067
300,2016/6/20,3114.906,3118.725,3089.713,3112.674,635871.41,7464780.25,0.0745
300,2016/6/21,3124.898,3155.493,3097.94,3106.318,879653.45,10723364.36,-0.2042
300,2016/6/22,3100.45,3134.061,3096.992,3133.961,664871.13,8134871.58,0.8899
300,2016/6/23,3129.721,3129.721,3102.481,3117.317,677517.38,8173255.22,-0.5311
300,2016/6/24,3110.647,3130.539,3033.965,3077.155,1047922.08,11896744.17,-1.2884
300,2016/6/27,3065.128,3120.641,3064.966,3120.544,832672.59,10406608.38,1.41
300,2016/6/28,3107.398,3139.43,3099.701,3136.401,920246.37,11719779.15,0.5081
300,2016/6/29,3142.484,3158.076,3139.133,3151.39,1037236.68,11795886.12,0.4779
300,2016/6/30,3152.833,3163.721,3148.199,3153.921,796926.17,10062791.29,0.0803
300,2016/7/1,3156.932,3170.258,3148.295,3154.2,717462.83,9121502.77,0.0088
300,2016/7/4,3136.385,3210.602,3134.023,3204.696,1333105.29,14989478,1.6009
300,2016/7/5,3199.157,3216.703,3197.996,3207.383,1302268.95,14389910.04,0.0838
300,2016/7/6,3197.625,3217.516,3183.451,3216.804,1248974.58,14723247.15,0.2937
300,2016/7/7,3206.551,3220.54,3190.124,3209.954,1185952.02,14048883.37,-0.2129
300,2016/7/8,3199.754,3204.928,3183.959,3192.28,897348.55,11106346.54,-0.5506
300,2016/7/11,3199.038,3235.962,3197.626,3203.33,1385295.11,15528815.17,0.3461
300,2016/7/12,3201.906,3273.474,3200.303,3273.182,1725342.17,19085373.89,2.1806
300,2016/7/13,3274.02,3300.991,3271.775,3282.868,1751960.9,19659230.03,0.2959
300,2016/7/14,3277.482,3281.95,3259.065,3276.764,1075257.98,12809042.09,-0.1859
300,2016/7/15,3278.836,3285.026,3265.291,3276.278,1026650.26,12517981.29,-0.0148
300,2016/7/18,3269.708,3281.638,3251.766,3262.022,1103125.18,12978570.62,-0.4351
300,2016/7/19,3260.435,3264.73,3226.199,3248.234,888868.61,10710891.12,-0.4227
300,2016/7/20,3246.863,3254.508,3232.257,3237.605,727012.55,9136744.9,-0.3272
300,2016/7/21,3238.337,3271.374,3238.303,3252.523,860048.25,10746407.25,0.4608
300,2016/7/22,3251.242,3253.769,3220.894,3225.162,860291.28,10741688.73,-0.8412
300,2016/7/25,3220.166,3243.79,3218.142,3230.885,702031.85,9201584.4,0.1774
300,2016/7/26,3228.234,3269.746,3228.008,3269.588,810510.89,10374576.28,1.1979
300,2016/7/27,3270.084,3276.511,3157.409,3218.243,1601886.65,18692836.65,-1.5704
300,2016/7/28,3204.465,3235.782,3195.27,3221.137,1127799.64,13729589.28,0.0899
300,2016/7/29,3217.192,3225.418,3198.684,3203.93,880448.37,10378702.97,-0.5342
300,2016/8/1,3196.425,3199.975,3156.749,3176.809,870034.97,9881863.44,-0.8465
300,2016/8/2,3173.758,3189.053,3165.542,3189.053,621676.39,7064076.38,0.3854
300,2016/8/3,3179.684,3197.157,3173.536,3193.507,728641.02,7975432.33,0.1397
300,2016/8/4,3190.546,3201.554,3170.419,3201.289,735043.73,8691959.11,0.2437
300,2016/8/5,3201.354,3224.873,3192.861,3205.11,771963.66,9442954.24,0.1194
300,2016/8/8,3199.572,3234.48,3187.252,3234.183,866760.51,10263811.46,0.9071
300,2016/8/9,3232.603,3257.334,3229.174,3256.981,910652.59,10592405.24,0.7049
300,2016/8/10,3255.182,3261.861,3242.751,3243.341,904303.72,10615744.8,-0.4188
300,2016/8/11,3239.558,3274.026,3232.613,3233.36,1010412.13,11699615.9,-0.3077
300,2016/8/12,3231.807,3294.234,3231.137,3294.234,1162540.44,12935468.64,1.8827
300,2016/8/15,3303.469,3417.915,3302.378,3393.424,2205434.21,25889746.39,3.011
300,2016/8/16,3403.384,3418.688,3372.021,3378.245,1963897.4,22678523.11,-0.4473
300,2016/8/17,3377.771,3394.389,3356.924,3373.048,1388476.88,16791753.09,-0.1538
300,2016/8/18,3369.947,3394.791,3349.688,3364.485,1423801.69,17225653.3,-0.2539
300,2016/8/19,3358.555,3374.045,3341.192,3365.02,1199615.08,13538270.63,0.0159
300,2016/8/22,3364.681,3372.833,3335.47,3336.795,1079510.08,12820178.38,-0.8388
300,2016/8/23,3332.621,3359.648,3324.96,3341.83,929245.16,10850369.24,0.1509
300,2016/8/24,3341.93,3348.129,3323.725,3329.863,811914.29,9401283.22,-0.3581
300,2016/8/25,3314.085,3315.081,3279.806,3308.972,1005891.53,11257814,-0.6274
300,2016/8/26,3312.499,3328.945,3301.736,3307.09,815306.91,9321320.56,-0.0569
300,2016/8/29,3306.575,3315.079,3297.07,3307.781,770363.33,8801164.2,0.0209
300,2016/8/30,3310.319,3325.122,3304.597,3311.987,757259.87,8951301.67,0.1272
300,2016/8/31,3310.565,3333.973,3304.655,3327.794,795708.05,9921504.44,0.4773
300,2016/9/1,3326.739,3329.346,3301.213,3301.577,849472.19,10091146.28,-0.7878
300,2016/9/2,3298.722,3320.425,3295.755,3314.114,827918.03,9939637.86,0.3797
300,2016/9/5,3321.005,3338.42,3314.629,3319.68,782924.77,8753108.96,0.1679
300,2016/9/6,3322.018,3347.951,3300.126,3342.626,982839.98,11836653.34,0.6912
300,2016/9/7,3344.066,3357.357,3337.751,3340.817,1029401.06,11511990.86,-0.0541
300,2016/9/8,3338.008,3343.395,3328.226,3339.564,719161.58,8374234.69,-0.0375
300,2016/9/9,3339.373,3344.951,3318.044,3318.044,826570.36,9547118.87,-0.6444
300,2016/9/12,3271.87,3276.716,3234.573,3262.604,1229176.82,13445663.09,-1.6709
300,2016/9/13,3265.337,3269.222,3246.386,3260.333,671802.88,7686264.42,-0.0696
300,2016/9/14,3245.737,3254.995,3231.336,3238.73,704326.97,7978074.64,-0.6626
300,2016/9/19,3242.743,3264.9,3242.743,3263.124,588310.82,6767803.16,0.7532
300,2016/9/20,3264.665,3265.035,3252.389,3257.403,527842.06,6162615.08,-0.1753
300,2016/9/21,3257.71,3270.902,3254.321,3266.636,591429.79,6895774.4,0.2834
300,2016/9/22,3281.472,3303.199,3277.979,3291.121,757535.42,8999176.17,0.7495
300,2016/9/23,3292.279,3293.916,3275.025,3275.667,579939.86,6804625.73,-0.4696
300,2016/9/26,3267.691,3267.691,3220.284,3220.284,704521.86,7870083.51,-1.6907
300,2016/9/27,3214.87,3240.776,3214.441,3240.755,584605.5,6665113.04,0.6357
300,2016/9/28,3243.647,3243.647,3227.996,3230.89,447274.98,5199640.48,-0.3044
300,2016/9/29,3234.857,3257.767,3234.803,3244.387,554525.56,6222030.23,0.4177
300,2016/9/30,3240.178,3260.941,3239.036,3253.285,449780.22,5265573.46,0.2743
300,2016/10/10,3265.364,3294.641,3258.958,3293.869,805192.6,8960798.99,1.2475
300,2016/10/11,3296.867,3308.004,3292.878,3306.557,877131.63,8821342.12,0.3852
300,2016/10/12,3299.139,3302.561,3289.753,3300.01,686697.81,7238691.26,-0.198
300,2016/10/13,3299.156,3307.409,3292.397,3302.646,812241.98,7992374.86,0.0799
300,2016/10/14,3298.734,3306.686,3285.729,3305.848,823162.71,8148559.78,0.097
300,2016/10/17,3305.964,3309.01,3271.541,3277.879,861135.09,8819941.89,-0.846
300,2016/10/18,3272.682,3321.332,3272.682,3321.332,1028607.14,10462504.41,1.3256
300,2016/10/19,3323.304,3332.52,3309.831,3316.241,1011677.25,9635444.22,-0.1533
300,2016/10/20,3317.179,3324.903,3312.174,3318.604,792388.71,8248109.53,0.0713
300,2016/10/21,3315.716,3341.56,3309.179,3327.74,1097851.76,10711492.61,0.2753
300,2016/10/24,3332.513,3382.826,3330.967,3367.578,1530143.45,15006300.79,1.1971
300,2016/10/25,3367.475,3373.914,3356.585,3367.455,1111916.93,11057651.29,-0.0037
300,2016/10/26,3365.198,3367.831,3349.574,3354.8,980247.86,10471931.82,-0.3758
300,2016/10/27,3351.46,3352.355,3335.133,3345.695,776298.51,8524101.24,-0.2714
300,2016/10/28,3347.144,3370.749,3337.289,3340.126,931333.09,10479797.14,-0.1665
300,2016/10/31,3332.406,3340.47,3317.328,3336.278,713528.63,8070182.1,-0.1152
300,2016/11/1,3338.71,3359.394,3334.457,3359.052,749381.99,8471768.38,0.6826
300,2016/11/2,3350.71,3356.397,3331.384,3333.352,911971.04,10034899.57,-0.7651
300,2016/11/3,3326.905,3379.989,3324.838,3365.085,1262235.04,13738646.84,0.952
300,2016/11/4,3362.206,3377.639,3348.426,3354.175,1040696.55,11081376.46,-0.3242
300,2016/11/7,3353.444,3362.742,3342.312,3356.592,998779.88,9437087.68,0.0721
300,2016/11/8,3367.697,3383.917,3361.129,3371.118,1031482.82,10513825.61,0.4328
300,2016/11/9,3370.6,3373.096,3322.08,3353.055,1391100.59,14518692.17,-0.5358
300,2016/11/10,3374.906,3403.016,3374.906,3390.612,1347055.35,13327739.96,1.1201
300,2016/11/11,3387.948,3422.672,3382.893,3417.221,1987814.96,19064727,0.7848
300,2016/11/14,3409.224,3452.616,3408.139,3430.248,2132471.05,20835330.86,0.3812
300,2016/11/15,3428.866,3434.922,3415.995,3429.87,1345663.2,13520677.05,-0.011
300,2016/11/16,3432.434,3435.637,3419.244,3429.592,1298085.11,12894459.92,-0.0081
300,2016/11/17,3423.465,3437.669,3412.877,3436.535,1215617.31,12157688.29,0.2024
300,2016/11/18,3437.49,3443.119,3413.27,3417.455,1159512.05,11734560.76,-0.5552
300,2016/11/21,3412.652,3463.142,3412.08,3441.111,1464345.29,14754258.93,0.6922
300,2016/11/22,3443.22,3469.219,3443.22,3468.364,1685234.46,16725066.58,0.792
300,2016/11/23,3473.895,3492.956,3465.764,3474.729,1623885.04,17124711.62,0.1835
300,2016/11/24,3468.807,3508.165,3467.011,3488.74,1457463.01,16507145.35,0.4032
300,2016/11/25,3490.04,3521.303,3463.948,3521.298,1536215.06,16683218.11,0.9332
300,2016/11/28,3538.675,3553.36,3528.32,3535.081,2073754.83,21985976.68,0.3914
300,2016/11/29,3525.901,3583.719,3521.379,3564.04,2369183.56,24832281.63,0.8192
300,2016/11/30,3557.636,3567.069,3527.023,3538.001,1785601.78,19068122.76,-0.7306
300,2016/12/1,3543.956,3575.97,3543.245,3565.036,1801707.61,19963774.3,0.7641
300,2016/12/2,3559.771,3562.55,3516.788,3528.955,1963554.8,20374214.75,-1.0121
300,2016/12/5,3473.688,3496.884,3457.343,3469.407,1808523.55,19017506.17,-1.6874
300,2016/12/6,3466.242,3477.59,3456.807,3459.153,1155290.9,12572775.32,-0.2956
300,2016/12/7,3458.369,3475.747,3445.756,3475.747,1143451.03,11528219.42,0.4797
300,2016/12/8,3481.807,3484.34,3466.512,3470.143,1173839.22,11918850.87,-0.1612
300,2016/12/9,3464.873,3507.928,3461.761,3493.7,1503033.08,15267486.77,0.6788
300,2016/12/12,3489.268,3495.802,3400.793,3409.179,1874677.51,19916354.08,-2.4192
300,2016/12/13,3394.207,3416.215,3370.596,3405.036,1211050.97,12445418.87,-0.1215
300,2016/12/14,3399.411,3412.28,3378.266,3378.945,1240077.44,12618266.94,-0.7662
300,2016/12/15,3363.86,3378.037,3327.143,3340.434,1149606.6,12150781.15,-1.1397
300,2016/12/16,3335.363,3356.292,3330.493,3346.031,907754.22,9811220.68,0.1676
300,2016/12/19,3342.345,3344.858,3324.999,3328.983,816406.78,8609569.38,-0.5095
300,2016/12/20,3328.299,3329.102,3289.268,3309.064,875695.92,8852734.59,-0.5984
300,2016/12/21,3313.745,3342.476,3313.745,3338.536,1082549.95,10620548.52,0.8906
300,2016/12/22,3335.122,3340.363,3322.72,3335.672,922772.49,9256487.76,-0.0858
300,2016/12/23,3333.401,3334.894,3300.884,3307.599,974447.13,9957547.32,-0.8416
300,2016/12/26,3293.224,3322.421,3267.048,3322.401,897939.82,9549321.99,0.4475
300,2016/12/27,3319.206,3330.232,3315.832,3316.385,754863.59,7961713.3,-0.1811
300,2016/12/28,3315.753,3320.547,3293.174,3301.889,690004.37,7175983.96,-0.4371
300,2016/12/29,3297.036,3312.113,3288.096,3297.765,700879.23,7597296.04,-0.1249
300,2016/12/30,3302.599,3313.55,3295.751,3310.081,717441.16,7692136.88,0.3735
300,2017/1/3,3313.953,3345.263,3313.953,3342.227,865678.96,8761276.58,0.9712
300,2017/1/4,3340.558,3369.566,3338.153,3368.312,900508.27,9801435.55,0.7805
300,2017/1/5,3368.34,3373.412,3361.462,3367.789,883363.57,9118933.96,-0.0155
300,2017/1/6,3366.852,3368.871,3346.891,3347.667,874591.14,9107225.67,-0.5975
300,2017/1/9,3345.748,3366.222,3344.347,3363.901,837079.42,8791611.52,0.4849
300,2017/1/10,3361.639,3370.505,3354.088,3358.272,838191.6,8253396.51,-0.1673
300,2017/1/11,3355.801,3366.632,3334.298,3334.495,910714.38,8675045.71,-0.708
300,2017/1/12,3332.686,3343.128,3315.963,3317.624,812391.35,7503188.69,-0.506
300,2017/1/13,3317.963,3338.174,3309.374,3319.912,841805.89,8455610.14,0.069
300,2017/1/16,3314.151,3322.782,3264.207,3319.446,1577791.35,15326252.01,-0.014
300,2017/1/17,3305.6,3327.377,3292.204,3326.356,694533.28,7475450.57,0.2082
300,2017/1/18,3323.339,3350.962,3320.406,3339.365,706232.27,7568067.73,0.3911
300,2017/1/19,3330.952,3346.496,3324.684,3329.289,661598.08,6386970.92,-0.3017
300,2017/1/20,3326.977,3358.412,3326.374,3354.889,653004.62,7083132.43,0.7689
300,2017/1/23,3359.054,3378.739,3355.848,3364.081,755574.98,7649266.02,0.274
300,2017/1/24,3363.137,3371.32,3355.899,3364.451,661942.26,6604965.13,0.011
300,2017/1/25,3361.656,3376.442,3357.218,3375.904,583769.31,6248339.58,0.3404
300,2017/1/26,3378.261,3395.885,3378.261,3387.961,653166.47,6648881.83,0.3571
300,2017/2/3,3390.932,3392.477,3362.565,3364.492,551888.61,5711385.33,-0.6927
300,2017/2/6,3368.108,3381.335,3358.752,3373.205,685213.6,7340813.48,0.259
300,2017/2/7,3371.77,3376.71,3354.625,3365.685,637544.62,6975817.9,-0.2229
300,2017/2/8,3361.781,3383.686,3347.43,3383.288,754028.79,8286973.58,0.523
300,2017/2/9,3381.899,3406.589,3379.787,3396.292,975585.15,10213422.87,0.3844
300,2017/2/10,3398.317,3422.326,3398.03,3413.487,1237687.2,12190858.03,0.5063
300,2017/2/13,3416.917,3439.543,3416.875,3436.275,1201445.38,12533299.88,0.6676
300,2017/2/14,3438.511,3440.675,3424.403,3435.804,948094.65,9853716.54,-0.0137
300,2017/2/15,3435.388,3448.032,3417.081,3421.713,1276433.38,12465317.95,-0.4101
300,2017/2/16,3421.83,3440.933,3418.351,3440.933,1082769.62,10180976.75,0.5617
300,2017/2/17,3443.617,3457.556,3419.614,3421.442,1146000.36,11803312.97,-0.5664
300,2017/2/20,3421.643,3472.604,3421.643,3471.393,1326288.62,13468150.52,1.4599
300,2017/2/21,3475.058,3490.086,3472.017,3482.823,1148420.09,12067542.95,0.3293
300,2017/2/22,3483.201,3489.946,3473.524,3489.757,1028159.94,10923242.58,0.1991
300,2017/2/23,3487.575,3492.962,3460.118,3473.324,995363.3,10655592.25,-0.4709
300,2017/2/24,3468.959,3473.852,3455.251,3473.852,955351.33,9987516.48,0.0152
300,2017/2/27,3471.132,3472.836,3441.394,3446.223,986721.6,10683087.45,-0.7953
300,2017/2/28,3445.027,3460.909,3441.359,3452.81,752152.6,8197930.74,0.1911
300,2017/3/1,3452.206,3472.696,3449.109,3458.438,1032603.54,10931778.13,0.163
300,2017/3/2,3463.483,3468.471,3434.001,3435.096,898980.77,9787618.79,-0.6749
300,2017/3/3,3424.663,3428.882,3412.831,3427.863,809946.52,9000961.88,-0.2106
300,2017/3/6,3427.253,3449.034,3425.904,3446.484,830708.82,9517854.85,0.5432
300,2017/3/7,3446.163,3454.039,3440.057,3453.957,803347.2,9448382.42,0.2168
300,2017/3/8,3452.201,3457.035,3441.258,3448.731,795876.9,8912490.47,-0.1513
300,2017/3/9,3442.895,3443.046,3414.678,3426.944,845703.81,9009004.95,-0.6317
300,2017/3/10,3423.978,3436.239,3423.937,3427.892,700161.99,8216171.49,0.0277
300,2017/3/13,3425.672,3458.098,3412.688,3458.098,916841.24,10848914.09,0.8812
300,2017/3/14,3456.658,3465.392,3448.903,3456.693,770779.63,9531756.41,-0.0406
300,2017/3/15,3452.214,3463.919,3445.268,3463.644,791049.54,9405625.67,0.2011
300,2017/3/16,3472.269,3492.127,3472.269,3481.507,1063339.13,12469557.37,0.5157
300,2017/3/17,3485.311,3488.497,3441.469,3445.805,1037555.6,12236891.86,-1.0255
300,2017/3/20,3449.052,3454.063,3429.825,3449.613,887343.22,10376940.39,0.1105
300,2017/3/21,3449.77,3466.703,3445.642,3466.347,877078.55,11352820.14,0.4851
300,2017/3/22,3450.754,3464.333,3433.499,3450.05,1049358.94,12386564.04,-0.4701
300,2017/3/23,3452.406,3470.816,3435.691,3461.978,943180.62,11581381.37,0.3457
300,2017/3/24,3464.197,3499.318,3461.111,3489.6,1256458.33,14175252.67,0.7979
300,2017/3/27,3488.765,3505.979,3474.521,3478.039,1070153.77,12438801.21,-0.3313
300,2017/3/28,3480.249,3482.292,3461.468,3469.809,841948.2,9749593.88,-0.2366
300,2017/3/29,3472.967,3483.057,3455.553,3465.193,1048517.06,11466346.83,-0.133
300,2017/3/30,3461.616,3467.305,3422.366,3436.758,1163769.22,12208802.16,-0.8206
300,2017/3/31,3434.822,3456.305,3430.82,3456.046,915774.91,10098490.48,0.5612
300,2017/4/5,3476.423,3504.538,3475.149,3503.893,1433990.17,16074298.12,1.3844
300,2017/4/6,3507.988,3517.778,3495.725,3514.047,1367670.04,14522164.42,0.2898
300,2017/4/7,3514.452,3526.815,3506.389,3517.463,1402932.04,14455967.56,0.0972
300,2017/4/10,3519.46,3522.796,3502.083,3505.139,1418873.8,15574783.46,-0.3504
300,2017/4/11,3503.829,3520.132,3466.139,3517.328,1659458.32,18945726.87,0.3477
300,2017/4/12,3514.572,3523.098,3497.999,3509.439,1818245.37,20215457.14,-0.2243
300,2017/4/13,3500.284,3518.439,3496.57,3514.566,1299818.13,13334592.9,0.1461
300,2017/4/14,3516.81,3517.466,3476.947,3486.505,1354740.78,13042538.54,-0.7984
300,2017/4/17,3475.738,3480.57,3453.676,3479.942,1171649.61,12388437.12,-0.1882
300,2017/4/18,3474.889,3489.085,3462.63,3462.743,1109278.23,12679085.34,-0.4942
300,2017/4/19,3452.99,3459.352,3418.514,3445.876,1213492.64,12705036.24,-0.4871
300,2017/4/20,3444.523,3465.609,3440.715,3461.548,1141842.08,13397725.83,0.4548
300,2017/4/21,3461.389,3475.562,3449.542,3466.787,1044191.1,11520883.17,0.1513
300,2017/4/24,3458.228,3458.228,3403.979,3431.259,1146607.91,12277815.43,-1.0248
300,2017/4/25,3427.732,3449.672,3422.652,3440.974,940721.48,10759935.72,0.2831
300,2017/4/26,3440.253,3466.565,3439.151,3445.183,1119400.29,13131657.92,0.1223
300,2017/4/27,3435.102,3449.272,3399.539,3446.72,1232984.25,13461094.78,0.0446
300,2017/4/28,3439.574,3439.904,3417.238,3439.753,1016323.51,11376100.67,-0.2021
300,2017/5/2,3427.917,3436.306,3418.665,3426.577,927974.62,10163585.86,-0.3831
300,2017/5/3,3421.759,3432.225,3403.078,3413.128,916696.24,9785411.91,-0.3925
300,2017/5/4,3404.938,3421.395,3391.277,3404.386,1034820.75,10698595.26,-0.2561
300,2017/5/5,3393.483,3395.453,3366.557,3382.55,1098953.33,11746493.96,-0.6414
300,2017/5/8,3369.108,3374.157,3339.574,3358.813,1237492.87,12688542.65,-0.7017
300,2017/5/9,3342.598,3358.046,3327.59,3352.532,767716.68,8552883.17,-0.187
300,2017/5/10,3350.65,3369.435,3336.003,3337.701,920826.28,10219498.08,-0.4424
300,2017/5/11,3322.946,3359.6,3312.892,3356.646,1092528.9,11157637.91,0.5676
300,2017/5/12,3350.937,3387.268,3349.167,3385.379,933864.66,9752212.46,0.856
300,2017/5/15,3391.588,3406.581,3391.588,3399.194,829776.11,9218333.28,0.4081
300,2017/5/16,3390.925,3428.853,3373.552,3428.649,1052424.16,11281410.32,0.8665
300,2017/5/17,3423.19,3433.97,3408.154,3409.966,997368.37,11055345.18,-0.5449
300,2017/5/18,3387.666,3409.932,3383.935,3398.113,857595.89,8809116.6,-0.3476
300,2017/5/19,3395.232,3405.945,3392.378,3403.849,714735.25,7839708.16,0.1688
300,2017/5/22,3400.588,3424.178,3391.175,3411.239,925395.59,9902112.16,0.2171
300,2017/5/23,3405.025,3434.766,3401.534,3424.194,1169110.33,12676785.6,0.3798
300,2017/5/24,3409.717,3424.167,3383.892,3424.167,835531.61,9262004.55,-0.0008
300,2017/5/25,3414.399,3490.418,3413.225,3485.658,1307216.31,13663402.08,1.7958
300,2017/5/26,3479.621,3498.315,3473.04,3480.435,1032411.53,11258590.74,-0.1498
300,2017/5/31,3495.073,3515.081,3474.922,3492.885,1048297.44,11596872.53,0.3577
300,2017/6/1,3485.222,3499.814,3476.428,3497.738,1031277.24,11608876.62,0.1389
300,2017/6/2,3491.589,3498.119,3470.202,3486.507,826680.1,9285074.72,-0.3211
300,2017/6/5,3480.169,3484.124,3462.314,3468.754,797381.52,8560946.75,-0.5092
300,2017/6/6,3464.377,3492.882,3460.453,3492.882,640893.88,7786879.37,0.6956
300,2017/6/7,3493.885,3537.095,3491.133,3533.872,1044199.68,12418928.85,1.1735
300,2017/6/8,3531.242,3562.272,3528.179,3560.979,902249.05,11203561.97,0.7671
300,2017/6/9,3561.241,3590.887,3560.634,3576.17,1011882.65,12170058.67,0.4266
300,2017/6/12,3570.219,3603.69,3565.901,3574.389,903811.67,11769080.22,-0.0498
300,2017/6/13,3569.159,3584.409,3559.213,3582.267,751771.38,9422308.48,0.2204
300,2017/6/14,3571.248,3571.248,3530.274,3535.299,838107.83,10610531.99,-1.3111
300,2017/6/15,3530.747,3542.28,3508.946,3528.793,826325.35,10605390.11,-0.184
300,2017/6/16,3522.975,3536.14,3514.389,3518.761,764527.07,9146228.64,-0.2843
300,2017/6/19,3520.06,3554.91,3520.06,3553.665,797971.41,9857235.83,0.9919
300,2017/6/20,3560.787,3563.696,3539.515,3546.494,805095.59,9818759.55,-0.2018
300,2017/6/21,3567.126,3587.986,3545.567,3587.955,878598.24,11714779.71,1.1691
300,2017/6/22,3583.558,3635.527,3581.338,3590.343,1355269.87,16941880.34,0.0666
300,2017/6/23,3583.436,3623.235,3569.323,3622.883,1051291.34,13397511.18,0.9063
300,2017/6/26,3627.021,3671.944,3627.021,3668.092,1346379.95,17073684.2,1.2479
300,2017/6/27,3665.578,3676.533,3648.764,3674.715,975587.02,12305723.17,0.1806
300,2017/6/28,3664.163,3672.189,3644.027,3646.167,979208.58,12446594.71,-0.7769
300,2017/6/29,3649.253,3669.135,3644.733,3668.828,855894.98,11184726.69,0.6215
300,2017/6/30,3654.735,3669.758,3646.227,3666.798,815100.28,10245998.2,-0.0553
300,2017/7/3,3667.232,3667.596,3633.783,3650.846,888208.6,11521468.79,-0.435
300,2017/7/4,3646.828,3646.846,3611.691,3619.984,950714.13,12535041.76,-0.8453
300,2017/7/5,3611.898,3660.729,3610.459,3659.68,882324.25,12035156.54,1.0966
300,2017/7/6,3654.558,3666.775,3629.56,3660.097,1023792.45,13283712.68,0.0114
300,2017/7/7,3647.642,3657.113,3631.87,3655.929,1037354.97,12346539.26,-0.1139
300,2017/7/10,3647.938,3667.846,3641.528,3653.687,1205919.1,14103462.65,-0.0613
300,2017/7/11,3646.878,3701.209,3645.995,3670.809,1187608.26,14508436.33,0.4686
300,2017/7/12,3672.633,3691.581,3640.589,3658.824,1222877.92,14349459.91,-0.3265
300,2017/7/13,3656.35,3690.483,3652.566,3686.921,1256695.49,14638867.96,0.7679
300,2017/7/14,3682.615,3703.094,3672.743,3703.094,1055140.05,12102144.89,0.4387
300,2017/7/17,3700.618,3716.47,3621.365,3663.558,1788216,19621725.38,-1.0676
300,2017/7/18,3648.494,3667.541,3622.041,3667.181,1246220.56,14147228.4,0.0989
300,2017/7/19,3660.867,3731.047,3658.204,3729.747,1824777.87,19839245.17,1.7061
300,2017/7/20,3725.144,3750.194,3723.069,3747.884,1424100.39,16926714.99,0.4863
300,2017/7/21,3738.185,3751.695,3722.066,3728.598,1179412.26,14143263.3,-0.5146
300,2017/7/24,3724.378,3755.19,3719.849,3743.469,1348687.22,15470187.47,0.3988
300,2017/7/25,3742.641,3752.156,3713.277,3719.559,1216720.59,13353165.62,-0.6387
300,2017/7/26,3722.876,3738.532,3684.182,3705.388,1363252.1,14651800.49,-0.381
300,2017/7/27,3700.856,3716.689,3672.497,3712.195,1450029.04,16163122.53,0.1837
300,2017/7/28,3703.49,3725.538,3696.778,3721.891,1114113.92,12581786.19,0.2612
300,2017/7/31,3722.428,3746.521,3713.655,3737.873,1484290.39,16089013.32,0.4294
300,2017/8/1,3738.736,3770.404,3737.095,3770.383,1525465.39,17312757.9,0.8697
300,2017/8/2,3768.194,3784.351,3759.276,3760.853,1722933.83,18933678.28,-0.2528
300,2017/8/3,3755.108,3766.345,3718.435,3727.826,1461539.44,16471046.16,-0.8782
300,2017/8/4,3724.723,3738.731,3707.003,3707.58,1574700.6,16829266.46,-0.5431
300,2017/8/7,3701.216,3730.777,3689.955,3726.795,1242315.3,13434853.75,0.5183
300,2017/8/8,3724.329,3737.334,3718.812,3732.213,1372419.28,14648186.89,0.1454
300,2017/8/9,3728.032,3738.999,3713.567,3731.044,1246799.89,13722359.83,-0.0313
300,2017/8/10,3724.962,3746.861,3688.177,3715.921,1300851.28,14800516.94,-0.4053
300,2017/8/11,3687.931,3700.494,3645.095,3647.35,1503874.21,16108347.04,-1.8453
300,2017/8/14,3651.375,3698.366,3651.375,3694.683,1153084.51,14023389.41,1.2977
300,2017/8/15,3695.78,3719.293,3692.28,3706.057,1064448.57,12479063.1,0.3078
300,2017/8/16,3701.134,3707.144,3679.734,3701.421,1041341.41,12728216.59,-0.1251
300,2017/8/17,3707.067,3722.624,3704.413,3721.277,1086562.51,13702000.29,0.5364
300,2017/8/18,3707.189,3733.491,3700.411,3724.675,965617.05,12307816.39,0.0913
300,2017/8/21,3731.84,3744.263,3728.616,3740.994,1003130.73,12391171.63,0.4381
300,2017/8/22,3745.754,3758.292,3734.556,3752.298,1002928.56,13113107.84,0.3022
300,2017/8/23,3747.611,3772.457,3741.72,3756.088,1049615.73,12408115.57,0.101
300,2017/8/24,3755.89,3765.708,3729.088,3734.646,899473.72,10773601.91,-0.5709
300,2017/8/25,3736.292,3795.969,3736.292,3795.754,1299409,15069708.31,1.6362
300,2017/8/28,3805.657,3866.942,3805.657,3842.712,1855763.25,23644628.09,1.2371
300,2017/8/29,3839.178,3847.93,3825.76,3834.538,1282270.7,15897868.37,-0.2127
300,2017/8/30,3834.268,3854.706,3827.861,3834.301,1413528.57,16623512.2,-0.0062
300,2017/8/31,3835.839,3840.199,3800.886,3822.093,1329449.35,15707921.61,-0.3184
300,2017/9/1,3825.339,3843.618,3818.159,3830.538,1586455.11,18277043.2,0.221
300,2017/9/4,3828.545,3847.091,3813.554,3845.616,1495663.2,17555106.83,0.3936
300,2017/9/5,3845.545,3865.294,3841.951,3857.046,1249641.55,14577975.53,0.2972
300,2017/9/6,3846.747,3858.248,3831.384,3849.45,1313987.23,15588331.48,-0.1969
300,2017/9/7,3851.688,3858.162,3828.835,3829.871,1238841.81,15611339.71,-0.5086
300,2017/9/8,3830.071,3843.019,3813.983,3825.99,1060365.04,13495858.4,-0.1013
300,2017/9/11,3828.342,3850.741,3817.511,3825.645,1238839.97,15479390.08,-0.009
300,2017/9/12,3832.242,3849.389,3822.004,3837.934,1441902.42,18760531.2,0.3212
300,2017/9/13,3835.549,3847.784,3822.944,3842.606,954107.85,12625436.09,0.1217
300,2017/9/14,3843.572,3854.493,3820.088,3829.955,1153585.83,14311163.92,-0.3292
300,2017/9/15,3826.145,3843.297,3818.523,3831.297,1224270.06,15347721.52,0.035
300,2017/9/18,3832.963,3862.359,3832.963,3843.143,1179344.05,15284102.85,0.3092
300,2017/9/19,3849.879,3857.303,3820.289,3832.116,1124329.87,14552845.75,-0.2869
300,2017/9/20,3830.155,3850.943,3827.886,3842.435,1011295.42,13504188.24,0.2693
300,2017/9/21,3843.258,3860.798,3837.384,3837.818,1110981.92,14413289.32,-0.1202
300,2017/9/22,3826.459,3842.252,3816.823,3837.73,1006198.02,12836089.49,-0.0023
300,2017/9/25,3829.219,3835.389,3811.119,3817.792,1039489.76,13598023.91,-0.5195
300,2017/9/26,3810.333,3821.693,3808.383,3820.782,818694.07,10103633.48,0.0783
300,2017/9/27,3818.965,3832.566,3818.815,3821.2,856558.11,10929949.22,0.0109
300,2017/9/28,3821.59,3827.331,3813.753,3822.539,935440.69,11564633.85,0.035
300,2017/9/29,3825.202,3852.224,3825.202,3836.501,933060.28,11605677.66,0.3653
300,2017/10/9,3910.115,3918.839,3876.032,3882.208,1355358.51,17194146.08,1.1914
300,2017/10/10,3883.004,3900.742,3855.467,3889.864,1125325.86,15797973.76,0.1972
300,2017/10/11,3886.818,3913.07,3885.497,3902.687,1044181.51,14415274.01,0.3297
300,2017/10/12,3902.016,3917.444,3897.547,3912.954,943409.21,12314724.86,0.2631
300,2017/10/13,3912.975,3927.174,3908.889,3921.002,901420.68,11431485.47,0.2057
300,2017/10/16,3926.275,3947.424,3913.322,3913.446,1213550.33,15082375.66,-0.1927
300,2017/10/17,3910.789,3924.614,3900.476,3913.069,822412.27,10670845.17,-0.0096
300,2017/10/18,3914.815,3944.411,3914.815,3944.163,1009698.41,12642037.97,0.7946
300,2017/10/19,3940.583,3944.035,3923.646,3931.25,1065272.52,13318985.52,-0.3274
300,2017/10/20,3918.527,3928.961,3910.197,3926.852,729801.8,9452963.66,-0.1119
300,2017/10/23,3930.891,3936.273,3920.656,3930.798,814849.8,10028091.14,0.1005
300,2017/10/24,3926.23,3959.495,3922.029,3959.395,930581.54,12019215.06,0.7275
300,2017/10/25,3958.167,3978.089,3954.001,3976.949,882054.58,10682030.95,0.4434
300,2017/10/26,3980.048,4013.599,3973.554,3993.575,1298954.65,17048861.86,0.4181
300,2017/10/27,3992.554,4024.465,3991.354,4021.968,1266728.46,15297483.11,0.711
300,2017/10/30,4022.164,4033.339,3960.27,4009.722,1573876.03,19348983.84,-0.3045
300,2017/10/31,3995.394,4009.283,3983.257,4006.718,1091787.79,14289720.69,-0.0749
300,2017/11/1,4007.912,4032.458,3991.324,3996.622,1304173.8,16647713.86,-0.252
300,2017/11/2,3994.095,3999.226,3971.376,3997.134,1261005.79,15198136.36,0.0128
300,2017/11/3,3992.35,3999.337,3963.026,3992.698,1294044.39,15814205.66,-0.111
300,2017/11/6,3989.182,4021.638,3975.407,4020.89,1220811.59,15891186.11,0.7061
300,2017/11/7,4022.402,4064.218,4021.364,4054.247,1521166.63,19399097.4,0.8296
300,2017/11/8,4051.494,4089.146,4040.577,4048.006,1508277.19,20094974.07,-0.1539
300,2017/11/9,4043.066,4076.61,4038.4,4075.9,1210563.35,15924719.82,0.6891
300,2017/11/10,4070.276,4116.714,4067.657,4111.911,1418171.65,19886983.38,0.8835
300,2017/11/13,4115.551,4137.646,4115.551,4128.073,1514463.09,20593079.45,0.3931
300,2017/11/14,4129.274,4133.546,4086.89,4099.351,1432369.36,19960500.9,-0.6958
300,2017/11/15,4084.213,4102.807,4055.717,4073.67,1206356.96,17775307.54,-0.6265
300,2017/11/16,4063.494,4107.617,4062.273,4105.012,1213844.14,17290388.06,0.7694
300,2017/11/17,4094.079,4122.376,4081.372,4120.851,1917841.19,25307931.4,0.3858
300,2017/11/20,4093.734,4144.514,4060.964,4143.833,1374472.58,19158963.75,0.5577
300,2017/11/21,4131.848,4220.264,4129.978,4217.702,1803508.21,25330219.96,1.7826
300,2017/11/22,4228.372,4260.64,4191.145,4227.567,1864770.03,25429836.17,0.2339
300,2017/11/23,4213.378,4214.19,4086.902,4102.397,1781472.28,23753670.47,-2.9608
300,2017/11/24,4089.472,4116.594,4057.489,4104.203,1308580.4,18291219.14,0.044
300,2017/11/27,4088.932,4088.932,4037.146,4049.948,1434552.68,18300455.12,-1.3219
300,2017/11/28,4034.206,4056.475,4010.296,4055.824,1020580.95,13553964.73,0.1451
300,2017/11/29,4061.355,4069.242,4004.687,4053.753,1245536.42,16574334.13,-0.0511
300,2017/11/30,4034.009,4052.797,3988.002,4006.099,1079833.45,14582994.83,-1.1756
300,2017/12/1,4003.56,4027.106,3984.378,3998.137,973869.13,13601092.76,-0.1987
300,2017/12/4,3989.047,4032.986,3982.318,4018.857,1026472.19,13822305.55,0.5182
300,2017/12/5,4007.936,4045.933,4006.543,4040.17,1540870.76,19633766.03,0.5303
300,2017/12/6,4027.123,4031.753,3964.809,4015.821,1092862.05,14411495.42,-0.6027
300,2017/12/7,4003.583,4017.947,3955.994,3971.057,902540.45,11965120.15,-1.1147
300,2017/12/8,3962.829,4014.139,3955.44,4003.379,892828.61,12437123.03,0.8139
300,2017/12/11,4006.878,4069.5,4005.269,4069.5,971489.46,14847658.85,1.6516
300,2017/12/12,4068.505,4070.15,4015.455,4016.016,843387.18,12351518.32,-1.3143
300,2017/12/13,4013.832,4052.688,4004.744,4050.093,775461.31,11500638.34,0.8485
300,2017/12/14,4050.903,4057.625,4013.855,4026.152,807688.62,11508694.49,-0.5911
300,2017/12/15,4018.731,4020.267,3974.928,3980.856,890443.89,11847414.42,-1.125
300,2017/12/18,3983.297,4008.069,3967.934,3985.291,778533.75,11172434.99,0.1114
300,2017/12/19,3985.823,4035.63,3985.823,4035.329,775289.85,11599820.43,1.2556
300,2017/12/20,4036.019,4044.849,4015.629,4030.49,906045.03,12681287.81,-0.1199
300,2017/12/21,4023.076,4080.781,4014.653,4067.849,968360.89,13781952.09,0.9269
300,2017/12/22,4064.913,4076.803,4048.491,4054.598,734736.84,10442649.6,-0.3257
300,2017/12/25,4057.417,4086.934,4026.45,4041.54,919269.62,12993883.92,-0.3221
300,2017/12/26,4040.617,4056.855,4015.3,4053.622,911187.9,11972510.06,0.2989
300,2017/12/27,4045.279,4047.737,3986.739,3991.208,1051535.77,14051690.71,-1.5397
300,2017/12/28,3992.997,4036.698,3980.236,4018.897,1185428.86,15363669.58,0.6937
300,2017/12/29,4022.883,4043.14,4012.875,4030.855,904866.83,12125703.85,0.2975
300,2018/1/2,4045.209,4087.779,4045.209,4087.401,1469354.35,17840203.29,1.4028
300,2018/1/3,4091.461,4140.054,4088.73,4111.393,1518522.18,20572688.96,0.587
300,2018/1/4,4114.121,4137.642,4105.886,4128.812,1345437.94,17452355.61,0.4237
300,2018/1/5,4133.344,4151.282,4123.282,4138.751,1490098.72,18520629.32,0.2407
300,2018/1/8,4140.855,4166.318,4127.308,4160.16,1738776.66,22640387.29,0.5173
300,2018/1/9,4157.539,4191.284,4153.502,4189.298,1390342.94,18197507.98,0.7004
300,2018/1/10,4187.204,4211.055,4175.136,4207.813,1511216.66,19485025.39,0.442
300,2018/1/11,4197.114,4211.799,4181.957,4205.586,1215785.39,17040730.59,-0.0529
300,2018/1/12,4205.144,4227.392,4199.025,4225.001,1113547.94,15760621.06,0.4616
300,2018/1/15,4229.836,4262.931,4216.359,4225.239,1709078.97,23498658.61,0.0056
300,2018/1/16,4215.625,4260.212,4213.128,4258.473,1614949.63,22827122.48,0.7866
300,2018/1/17,4261.783,4283.345,4230.537,4248.116,2143110.32,28455435.98,-0.2432
300,2018/1/18,4259.375,4292.637,4246.684,4271.417,1720328.46,22528968.89,0.5485
300,2018/1/19,4281.937,4316.571,4269.617,4285.395,2094905.7,25855472.54,0.3272
300,2018/1/22,4276.481,4338.483,4275.898,4336.597,1746431.95,23396022.33,1.1948
300,2018/1/23,4346.889,4383.572,4346.793,4382.613,2018675.85,25711335.99,1.0611
300,2018/1/24,4389.455,4397.82,4349.087,4389.885,2198188.89,28447080.95,0.1659
300,2018/1/25,4381.977,4392.196,4336.239,4365.079,1953749.5,25030809.19,-0.5651
300,2018/1/26,4352.221,4403.338,4351.487,4381.3,1772272.37,22333130.91,0.3716
300,2018/1/29,4387.058,4395.905,4287.112,4302.018,1911003.54,25617632.38,-1.8096
300,2018/1/30,4286.683,4308.512,4251.571,4256.102,1390347.3,18665056.62,-1.0673
300,2018/1/31,4234.11,4287.858,4232.773,4275.899,1452101.64,19440179.8,0.4651
300,2018/2/1,4276.343,4287.389,4214.291,4245.898,1900029.34,23923029.89,-0.7016
300,2018/2/2,4213.939,4271.765,4181.779,4271.233,1460668.27,19116986.73,0.5967
300,2018/2/5,4204.458,4274.146,4200.141,4274.146,1613477.99,21736014.45,0.0682
300,2018/2/6,4182.326,4211.523,4131.556,4148.886,2149104.5,27941508.32,-2.9306
300,2018/2/7,4205.737,4212.568,4048.423,4050.497,2031274.93,26150702.74,-2.3715
300,2018/2/8,4022.88,4071.665,3974.678,4012.047,1592699.85,19906177.2,-0.9493
300,2018/2/9,3896.169,3911.292,3759.146,3840.653,2063498.28,24677482.84,-4.272
300,2018/2/12,3846.267,3907.843,3828.07,3890.105,1161826.37,14985804.36,1.2876
300,2018/2/13,3925.596,3986.981,3925.596,3935.632,1125658.85,14447935.44,1.1703
300,2018/2/14,3945.094,3971.404,3923.127,3966.961,710813.38,9311020.14,0.796
300,2018/2/22,4020.973,4058.788,4009.92,4052.733,1058115.71,13833436.17,2.1622
300,2018/2/23,4061.755,4085.201,4035.232,4071.089,994587.46,12819583.52,0.4529
300,2018/2/26,4093.399,4128.744,4048.983,4118.419,1378810.01,17901309.36,1.1626
300,2018/2/27,4120.871,4120.871,4051.805,4058.981,1259344.7,16968490.1,-1.4432
300,2018/2/28,4016.791,4051.712,3991.706,4023.642,1093435.93,15249390.93,-0.8706
300,2018/3/1,3994.869,4061.033,3986.895,4049.086,1101998.52,14600345.67,0.6324
300,2018/3/2,4014.951,4044.418,4006.944,4016.461,961650,13093118.12,-0.8057
300,2018/3/5,4021.658,4042.835,3995.872,4018.097,879525.48,11819785.95,0.0407
300,2018/3/6,4034.985,4067.553,3998.932,4066.565,1387624.44,17137065.41,1.2062
300,2018/3/7,4063.503,4089.696,4027.936,4036.654,1069524.26,13657230.56,-0.7355
300,2018/3/8,4038.953,4078.226,4029.714,4077.6,911558.1,12363463.71,1.0144
300,2018/3/9,4088.07,4110.674,4076.454,4108.865,1137018.08,15002411.97,0.7668
300,2018/3/12,4130.708,4139.526,4112.766,4127.666,1409067.39,19036759.38,0.4576
300,2018/3/13,4124.331,4130.283,4087.563,4091.253,1117664.3,14117416.06,-0.8822
300,2018/3/14,4076.063,4089.094,4066.49,4073.345,990134.09,13153795.94,-0.4377
300,2018/3/15,4058.706,4098.989,4058.706,4096.163,881611.56,12688245.27,0.5602
300,2018/3/16,4096.886,4110.045,4055.822,4056.423,848961.88,12212534.2,-0.9702
300,2018/3/19,4054.617,4074.518,4033.522,4074.248,815028.82,11818381.51,0.4394
300,2018/3/20,4045.743,4080.193,4040.308,4077.704,806052.8,11198023.4,0.0848
300,2018/3/21,4097.024,4110.116,4046.241,4061.05,976094.88,13933041.19,-0.4084
300,2018/3/22,4062.067,4072.377,4003.721,4020.349,890952.59,12766433.8,-1.0022
300,2018/3/23,3896.736,3928.511,3834.937,3904.936,1800804.49,21890503.13,-2.8707
300,2018/3/26,3862.695,3883.901,3829.916,3879.893,1151391.28,15660452.72,-0.6413
300,2018/3/27,3927.492,3936.778,3881.873,3913.269,1137007.11,16229154.66,0.8602
300,2018/3/28,3865.045,3907.281,3835.883,3842.716,1014949.08,15584895.11,-1.8029
300,2018/3/29,3854.591,3913.958,3794.262,3894.05,1166290.66,16499678.3,1.3359
300,2018/3/30,3893.747,3915.347,3879.213,3898.498,975122.7,13795928.05,0.1142
300,2018/4/2,3897.005,3937.018,3882.886,3886.919,1112426.66,15935608,-0.297
300,2018/4/3,3850.155,3878.15,3839.933,3862.48,951373.69,13204993.61,-0.6287
300,2018/4/4,3873.627,3898.613,3852.496,3854.863,887306.09,13159306.79,-0.1972
300,2018/4/9,3851.955,3870.674,3827.413,3852.929,841054.62,11816727.35,-0.0502
300,2018/4/10,3860.723,3927.425,3851.796,3927.173,1061737.22,13794130.02,1.9269
300,2018/4/11,3934.17,3958.707,3924.96,3938.343,1119330.21,13998929.06,0.2844
300,2018/4/12,3935.673,3937.784,3896.179,3898.635,826994.9,10807556.55,-1.0082
300,2018/4/13,3920.738,3929.952,3866.186,3871.144,715442.03,9892182.7,-0.7051
300,2018/4/16,3862.474,3869.156,3789.612,3808.863,992177.7,13156686.69,-1.6089
300,2018/4/17,3812.875,3822.626,3745.444,3748.641,906107.9,12651875.2,-1.5811
300,2018/4/18,3785.306,3789.659,3708.107,3766.282,1066767.06,14307767.6,0.4706
300,2018/4/19,3774.784,3824.032,3767.797,3811.843,990540.6,12752012.16,1.2097
300,2018/4/20,3801.208,3815.444,3750.103,3760.854,992829.25,12355066.45,-1.3376
300,2018/4/23,3754.69,3787.395,3735.184,3766.326,903562.91,11176303.15,0.1455
300,2018/4/24,3769.879,3854.429,3769.879,3843.489,1142195.25,14570051.28,2.0488
300,2018/4/25,3824.593,3838.692,3817.032,3828.702,781726.12,10575044.95,-0.3847
300,2018/4/26,3823.392,3828.713,3744.885,3755.494,871506.41,12577230.45,-1.9121
300,2018/4/27,3771.037,3776.975,3714.644,3756.877,895317.26,14211362.76,0.0368
300,2018/5/2,3769.925,3787.303,3744.548,3763.646,833010.35,12008348.33,0.1802
300,2018/5/3,3756.166,3797.527,3732.372,3793,939611.18,12274016.89,0.7799
300,2018/5/4,3784.316,3801.524,3770.939,3774.598,715542.88,9831525.46,-0.4852
300,2018/5/7,3782.54,3834.587,3776.03,3834.188,872861.95,12635480.08,1.5787
300,2018/5/8,3834.614,3892.073,3833.729,3878.677,942151.57,13544586.25,1.1603
300,2018/5/9,3876.13,3878.938,3855.739,3871.615,667129.66,9232289.63,-0.1821
300,2018/5/10,3882.836,3894.49,3867.308,3893.057,706678.09,10325514.06,0.5538
300,2018/5/11,3902.148,3903.338,3871.952,3872.838,733566.04,10771545.7,-0.5194
300,2018/5/14,3886.874,3919.3,3886.874,3909.293,819759.99,12252004.8,0.9413
300,2018/5/15,3920.14,3924.343,3892.92,3924.098,760495.55,10609190.58,0.3787
300,2018/5/16,3909.818,3923.343,3889.188,3892.844,719136.46,10653393.03,-0.7965
300,2018/5/17,3895.49,3899.514,3858.853,3864.051,590301.23,8710416.47,-0.7396
300,2018/5/18,3860.164,3903.064,3841.896,3903.064,726139.56,9682385.18,1.0096
300,2018/5/21,3925.539,3937.461,3913.605,3921.242,926417.37,12052872.6,0.4657
300,2018/5/22,3918.815,3918.815,3881.169,3906.208,753687.78,10288334.49,-0.3834
300,2018/5/23,3898.268,3898.268,3854.583,3854.583,837223.19,11068450.32,-1.3216
300,2018/5/24,3853.292,3859.103,3823.924,3827.217,683450.22,9340821.96,-0.71
300,2018/5/25,3823.745,3841.124,3804.135,3816.498,708363.86,9566754.38,-0.2801
300,2018/5/28,3816.265,3846.553,3799.321,3833.26,715211.32,10000163.9,0.4392
300,2018/5/29,3824.191,3841.779,3800.675,3804.009,815526.62,11728858.06,-0.7631
300,2018/5/30,3755.176,3767.887,3722.072,3723.372,879132.85,11585897.58,-2.1198
300,2018/5/31,3749.295,3804.792,3742.529,3802.376,926668.94,13054542.22,2.1218
300,2018/6/1,3789.672,3802.537,3753.84,3770.589,778218.13,10593486.59,-0.836
300,2018/6/4,3785.187,3813.407,3776.619,3807.578,766243.41,11514646.85,0.981
300,2018/6/5,3811.285,3845.565,3800.926,3845.316,786873.6,12126146.72,0.9911
300,2018/6/6,3839.683,3848.33,3830.896,3837.351,731172.37,10714204.18,-0.2071
300,2018/6/7,3846.937,3859.848,3827.687,3831.013,802561.47,11236571.07,-0.1652
300,2018/6/8,3819.448,3819.461,3759.272,3779.616,833373.35,10781879.83,-1.3416
300,2018/6/11,3770.208,3792.548,3756.515,3779.982,687098.34,10559792.46,0.0097
300,2018/6/12,3783.186,3830.471,3765.264,3825.953,732062.44,11621713.96,1.2162
300,2018/6/13,3814.617,3817.453,3782.073,3788.339,663779.7,9718549.89,-0.9831
300,2018/6/14,3774.64,3808.162,3759.248,3773.366,684713.22,9923401.5,-0.3952
300,2018/6/15,3763.041,3780.337,3737.428,3753.434,854888.93,10953490.08,-0.5282
300,2018/6/19,3702.668,3712.816,3583.021,3621.117,1607065.42,19384879.73,-3.5252
300,2018/6/20,3602.551,3649.336,3578.174,3635.444,867180.98,11280481.28,0.3957
300,2018/6/21,3633.556,3673.563,3589.49,3592.965,939085.52,11558414.9,-1.1685
300,2018/6/22,3567.894,3609.075,3542.456,3608.905,751178.64,8968728.21,0.4436
300,2018/6/25,3625.798,3631.025,3559.034,3560.478,798770.78,10669034.53,-1.3419
300,2018/6/26,3521.588,3541.782,3478.213,3531.111,849852.69,10813216.73,-0.8248
300,2018/6/27,3525.132,3537.657,3441.785,3459.262,814918.17,10762889.66,-2.0347
300,2018/6/28,3434.944,3477.057,3416.948,3423.526,759180.51,9857052.73,-1.0331
300,2018/6/29,3431.962,3512.383,3425.216,3510.985,772570.31,9761636.73,2.5546
300,2018/7/2,3504.457,3506.9,3383.501,3407.964,843514.49,10760154.07,-2.9342
300,2018/7/3,3410.477,3422.04,3319.289,3409.28,952786.93,12989801.93,0.0386
300,2018/7/4,3398.779,3418.331,3359.086,3363.747,751579.97,9364855.91,-1.3356
300,2018/7/5,3365.555,3398.485,3330.711,3342.438,815879.81,9754461.96,-0.6335
300,2018/7/6,3347.062,3396.246,3295.73,3365.123,860975.79,10948194.25,0.6787
300,2018/7/9,3378.906,3459.315,3378.906,3459.184,766015.45,10091886.37,2.7952
300,2018/7/10,3464.906,3474.14,3437.271,3467.516,695488.23,9012744.57,0.2409
300,2018/7/11,3398.927,3427.571,3375.144,3407.53,720409.5,8966150.71,-1.7299
300,2018/7/12,3403.33,3499.097,3403.33,3481.056,963535.64,11780551.48,2.1578
300,2018/7/13,3488.497,3499.764,3474.912,3492.69,729558.97,9980018.49,0.3342
300,2018/7/16,3488.967,3506.236,3459.731,3472.086,682819.99,9075428.81,-0.5899
300,2018/7/17,3466.424,3467.185,3420.971,3449.377,619830.76,8572056.37,-0.654
300,2018/7/18,3456.607,3479.264,3430.156,3431.323,665303.3,8855687.32,-0.5234
300,2018/7/19,3444.803,3466.506,3417.963,3428.343,684777.16,8880490.78,-0.0868
300,2018/7/20,3426.456,3505.928,3398.953,3492.894,1019847.27,12219695.38,1.8829
300,2018/7/23,3471.856,3527.534,3464.648,3525.75,1190366.27,14396093.07,0.9407
300,2018/7/24,3530.664,3596.513,3530.664,3581.706,1569124.35,17744895.4,1.5871
300,2018/7/25,3589.506,3589.984,3566.314,3577.752,967585.01,11217669.42,-0.1104
300,2018/7/26,3583.317,3593.923,3528.644,3536.246,903496.41,10557728.52,-1.1601
300,2018/7/27,3533.771,3545.406,3512.703,3521.227,701781.04,8119217.49,-0.4247
300,2018/7/30,3520.854,3550.902,3489.549,3515.079,821169.95,9618309.76,-0.1746
300,2018/7/31,3510.474,3528.154,3493.155,3517.657,679808.17,8002215.21,0.0733
300,2018/8/1,3530.03,3543.606,3446.777,3447.388,903486.17,10747721.49,-1.9976
300,2018/8/2,3434.352,3434.352,3322.096,3370.958,1013087.27,12240128.36,-2.217
300,2018/8/3,3366.664,3381.342,3315.201,3315.284,707969.1,9139598.72,-1.6516
300,2018/8/6,3312.815,3344.246,3257.686,3273.273,779750.83,9751799.1,-1.2672
300,2018/8/7,3284.979,3368.962,3263.499,3368.87,917839.16,10751222.4,2.9205
300,2018/8/8,3362.149,3368.16,3311.769,3314.508,792848.65,9095891.2,-1.6137
300,2018/8/9,3303.477,3408.391,3299.616,3397.53,919575.72,10880231.52,2.5048
300,2018/8/10,3398.414,3424.041,3380.573,3405.019,689672.99,8563452.21,0.2204
300,2018/8/13,3369.981,3396.188,3336.696,3390.344,761915.32,9086929.09,-0.431
300,2018/8/14,3386.483,3391.729,3356.614,3372.914,606514.46,7212199.26,-0.5141
300,2018/8/15,3371.959,3372.137,3288.709,3291.976,681740.55,8340219.39,-2.3996
300,2018/8/16,3251.856,3315.203,3231.556,3276.728,765473.66,8926917.57,-0.4632
300,2018/8/17,3305.895,3311.573,3224.1,3229.62,673954.13,8445245.25,-1.4377
300,2018/8/20,3238.215,3267.25,3209.012,3267.25,709042.28,8896338.26,1.1652
300,2018/8/21,3271.84,3331.708,3270.03,3326.649,752055.83,9792584.04,1.818
300,2018/8/22,3328.969,3328.969,3299.394,3307.955,507870.57,6654853.62,-0.5619
300,2018/8/23,3308.459,3336.112,3285.814,3320.026,611123.34,8021278.56,0.3649
300,2018/8/24,3308.478,3353.045,3291.865,3325.335,637658.97,7719784.79,0.1599
300,2018/8/27,3339.389,3406.574,3339.265,3406.574,942700.82,11496096.46,2.443
300,2018/8/28,3408.15,3416.593,3388.814,3400.171,754453.63,9494594.98,-0.188
300,2018/8/29,3393.053,3398.714,3377.123,3386.574,670204.04,7907230.02,-0.3999
300,2018/8/30,3385.805,3402.563,3349.469,3351.094,683852.9,8022605.27,-1.0477
300,2018/8/31,3333.38,3356.576,3310.873,3334.504,762056.3,9609189.29,-0.4951
300,2018/9/3,3320.69,3325.607,3291.784,3321.825,664298.55,8130568.15,-0.3802
300,2018/9/4,3324.186,3370.963,3307.959,3363.898,670888.07,8589203.49,1.2666
300,2018/9/5,3349.698,3354.199,3298.141,3298.141,643018.88,8065667.52,-1.9548
300,2018/9/6,3286.665,3311.497,3253.755,3262.881,623002.88,7937313.82,-1.0691
300,2018/9/7,3273.891,3316.615,3253.725,3277.644,639474.08,8126344,0.4525
300,2018/9/10,3271.382,3277.884,3227.848,3230.068,638170.51,7617558.03,-1.4515
300,2018/9/11,3229.705,3245.617,3209.112,3224.212,584913.05,6772211.89,-0.1813
300,2018/9/12,3216.991,3225.601,3194.979,3202.025,546278.99,6888702.01,-0.6881
300,2018/9/13,3239.685,3249.593,3191.398,3236.566,672903.27,8588796.21,1.0787
300,2018/9/14,3242.831,3254.104,3227.944,3242.09,601306.4,7648121.2,0.1707
300,2018/9/17,3224.927,3230.788,3200.51,3204.922,522595.47,6065094.09,-1.1464
300,2018/9/18,3193.642,3270.107,3193.642,3269.432,704250.35,8389913.76,2.0128
300,2018/9/19,3261.997,3335.991,3258.31,3312.482,891706.66,10939542.38,1.3167
300,2018/9/20,3314.876,3332.309,3303.073,3310.126,645610.57,7666084.52,-0.0711
300,2018/9/21,3320.696,3410.486,3307.767,3410.486,1084160.05,12357311.79,3.0319
300,2018/9/25,3375.972,3394.377,3367.025,3379.804,690546.93,8287002.99,-0.8996
300,2018/9/26,3388.558,3448.26,3383.235,3417.241,931733.43,11911331.91,1.1077
300,2018/9/27,3415.953,3423.71,3394.732,3403.59,697652.41,8757330.08,-0.3995
300,2018/9/28,3409.96,3444.988,3404.697,3438.865,843777.56,9488027.46,1.0364
300,2018/10/8,3361.559,3364.464,3285.253,3290.899,978889.89,11416421.84,-4.3028
300,2018/10/9,3290.171,3309.798,3276.132,3288.691,667232.74,7837294.13,-0.0671
300,2018/10/10,3295.429,3315.731,3256.582,3281.598,644928.28,7916680.86,-0.2157
300,2018/10/11,3179.541,3209.52,3099.04,3124.114,1209413.42,12572308.45,-4.799
300,2018/10/12,3123.372,3184.122,3094.966,3170.726,986111.51,10442307.66,1.492
300,2018/10/15,3173.847,3183.13,3120.231,3126.452,696050.23,7713769.68,-1.3963
300,2018/10/16,3128.576,3166.092,3089.367,3100.974,688877.21,7520647.1,-0.8149
300,2018/10/17,3140.684,3149.134,3062.554,3118.246,768371.38,8613269.59,0.557
300,2018/10/18,3097.79,3097.79,3043.382,3044.392,737719.68,7970373.19,-2.3684
300,2018/10/19,3017.749,3137.748,3009.498,3134.946,988396.88,11095136.91,2.9745
300,2018/10/22,3159.561,3297.38,3159.561,3270.273,1458620.45,17065130.62,4.3167
300,2018/10/23,3273.127,3276.021,3163.57,3183.426,1210132.41,14258917.68,-2.6556
300,2018/10/24,3169.457,3245.397,3164.293,3188.202,1109097.44,12095438.73,0.15
300,2018/10/25,3107.84,3197.321,3099.889,3194.308,1069518.17,11329174.64,0.1915
300,2018/10/26,3204.285,3218.102,3151.924,3173.635,1012993.54,10607036.68,-0.6472
300,2018/10/29,3157.488,3158.811,3062.58,3076.889,918397.89,10847949.02,-3.0484
300,2018/10/30,3061.93,3146.628,3050.771,3110.261,1160701.01,13176710.27,1.0846
300,2018/10/31,3116.658,3168.919,3106.028,3153.823,1112074.55,11709969.78,1.4006
300,2018/11/1,3185.202,3217.803,3173.099,3177.034,1326533.79,14591930.43,0.736
300,2018/11/2,3258.609,3290.246,3222.435,3290.246,1534661.04,17834064.34,3.5634
300,2018/11/5,3269.47,3279.878,3230.363,3262.835,1097066.83,12363092.27,-0.8331
300,2018/11/6,3254.978,3254.978,3213.895,3243.15,838691.38,9170389.81,-0.6033
300,2018/11/7,3243.878,3270.5,3218.422,3221.91,916155.28,10181491.9,-0.6549
300,2018/11/8,3251.728,3253.574,3207.708,3212.774,764145.4,8522166.47,-0.2836
300,2018/11/9,3193.304,3193.304,3166.311,3167.444,842827.62,8819419.22,-1.4109
300,2018/11/12,3160.247,3206.513,3152.44,3205.141,880623.91,9736305.2,1.1901
300,2018/11/13,3164.922,3254.768,3161.098,3237.382,1264934.64,12560304.73,1.0059
300,2018/11/14,3233.641,3239.245,3200.229,3204.943,1138086.59,10538656.6,-1.002
300,2018/11/15,3201.281,3242.384,3198.781,3242.372,985588.1,10011919.23,1.1679
300,2018/11/16,3242.879,3282.39,3223.722,3257.674,1268768.35,13537980.39,0.4719
300,2018/11/19,3258.792,3294.603,3251.067,3294.603,1159565.95,12318877.76,1.1336
300,2018/11/20,3268.077,3278.785,3213.683,3218.408,1093611.54,11415506.68,-2.3127
300,2018/11/21,3187.103,3230.258,3185.239,3226.492,841197.26,8781327.39,0.2512
300,2018/11/22,3232.973,3235.452,3199.698,3214.427,650982.91,7008337.26,-0.3739
300,2018/11/23,3208.593,3212.195,3139.386,3143.475,846382.55,8686494.62,-2.2073
300,2018/11/26,3148.672,3169.442,3131.636,3141.243,593791.4,6189947.96,-0.071
300,2018/11/27,3152.774,3162.012,3126.289,3137.241,554078.32,6194626.11,-0.1274
300,2018/11/28,3137.748,3179.411,3126.618,3178.933,748819.55,7762055.31,1.3289
300,2018/11/29,3198.826,3204.857,3137.654,3137.654,804984.66,8692761.19,-1.2985
300,2018/11/30,3136.196,3175.154,3132.423,3172.69,709210.44,7729769.77,1.1166
300,2018/12/3,3260.686,3273.64,3228.361,3260.95,1214871.57,14582841.65,2.7819
300,2018/12/4,3256.228,3267.94,3243.695,3267.71,794150.39,9054360.03,0.2073
300,2018/12/5,3224.256,3266.904,3219.979,3252.004,761530.52,9090909.38,-0.4806
300,2018/12/6,3218.113,3223.522,3179.895,3181.673,763287.71,9567888.34,-2.1627
300,2018/12/7,3187.492,3193.819,3176.706,3181.565,533619.24,6632397.07,-0.0034
300,2018/12/10,3153.523,3170.152,3134.385,3144.763,634372.73,7371720.47,-1.1567
300,2018/12/11,3148.226,3161.956,3143.607,3159.816,532238.77,6001496.98,0.4787
300,2018/12/12,3181.566,3182.211,3160.278,3170.609,533099.14,6053622.35,0.3416
300,2018/12/13,3178.891,3234.082,3169.423,3219.692,904427.55,10337547.86,1.5481
300,2018/12/14,3207.348,3210.722,3165.911,3165.911,843012.5,9157690.05,-1.6704
300,2018/12/17,3158.284,3167.513,3134.365,3161.197,664970.07,7715149.09,-0.1489
300,2018/12/18,3139.949,3165.002,3114.468,3128.427,638203.19,7203545.14,-1.0366
300,2018/12/19,3133.742,3137.01,3086.758,3091.126,555222.99,6787292.24,-1.1923
300,2018/12/20,3083.544,3097.72,3044.293,3067.417,697494.63,7818142.65,-0.767
300,2018/12/21,3055.326,3057.401,3007.61,3029.395,767581.01,8482406.48,-1.2395
300,2018/12/24,3015.497,3040.352,3007.329,3038.198,572996.15,6388074.06,0.2906
300,2018/12/25,3006.879,3030.142,2964.875,3017.282,786894.25,8041356.73,-0.6884
300,2018/12/26,3012.869,3029.061,2996.483,3002.033,556470.32,5857496.9,-0.5054
300,2018/12/27,3042.949,3047.235,2990.506,2990.506,805417.85,8115927,-0.384
300,2018/12/28,2994.795,3024.353,2984.818,3010.654,710537.79,7814531,0.6737
300,2019/1/2,3017.067,3018.776,2958.488,2969.535,686630.21,7610557.13,-1.3658
300,2019/1/3,2963.019,3000.441,2953.255,2964.842,708671.03,7666479.74,-0.158
300,2019/1/4,2940.192,3036.815,2935.83,3035.874,1033189.72,10714103.71,2.3958
300,2019/1/7,3055.154,3061.749,3035.912,3054.303,1011643.59,10570394.08,0.607
300,2019/1/8,3049.875,3055.51,3038.534,3047.704,861705.85,7962888.27,-0.2161
300,2019/1/9,3065.231,3117.961,3062.847,3078.476,1073643.5,11712967.89,1.0097
300,2019/1/10,3077.482,3092.541,3062.572,3072.686,852717.56,9020687.17,-0.1881
300,2019/1/11,3082.262,3102.833,3071.026,3094.778,717864.24,7742023.96,0.719
300,2019/1/14,3092.498,3097.406,3064.383,3067.785,661217.02,6811596.91,-0.8722
300,2019/1/15,3071.519,3129.371,3064.671,3127.99,887729.62,9997689.11,1.9625
300,2019/1/16,3126.135,3135.012,3117.293,3128.652,802143.41,8578159.18,0.0212
300,2019/1/17,3132.629,3141.71,3110.061,3111.417,801748.71,8288820.7,-0.5509
300,2019/1/18,3124.503,3171.686,3120.346,3168.174,1039638.34,10678065.85,1.8242
300,2019/1/21,3170.877,3199.213,3170.877,3185.636,939150.22,10553698.66,0.5512
300,2019/1/22,3181.949,3181.949,3135.338,3143.317,729905.28,7815087.63,-1.3284
300,2019/1/23,3136.096,3157.627,3131.867,3141.053,598704.78,6266965.2,-0.072
300,2019/1/24,3146.605,3165.63,3125.301,3158.782,729346.36,8096387.72,0.5644
300,2019/1/25,3165.181,3203.175,3164.408,3184.47,839677.29,9320795.47,0.8132
300,2019/1/28,3203.119,3228.868,3174.724,3183.778,826224.31,9737149.61,-0.0217
300,2019/1/29,3177.261,3200.99,3148.235,3193.97,776583.34,8594390.86,0.3201
300,2019/1/30,3181.655,3202.896,3167.893,3168.483,637465.17,7300512.34,-0.798
300,2019/1/31,3182.699,3216.067,3178.011,3201.633,862478.39,9750992.48,1.0462
300,2019/2/1,3225.734,3247.496,3207.717,3247.397,820196.41,9476641.28,1.4294
300,2019/2/11,3239.808,3307.064,3239.808,3306.473,988184.34,11475235.48,1.8192
300,2019/2/12,3306.352,3335.361,3298.634,3330.335,1222324.62,12283410.1,0.7217
300,2019/2/13,3337.779,3405.577,3329.144,3397.028,1638283.32,16886626.21,2.0026
300,2019/2/14,3392.855,3415.399,3381.982,3402.14,1511272.9,13864928.8,0.1505
300,2019/2/15,3391.242,3395.029,3335.871,3338.705,1436686.03,14155506.09,-1.8646
300,2019/2/18,3366.423,3445.745,3366.423,3445.745,1828860.89,18044974.25,3.206
300,2019/2/19,3454.722,3480.794,3419.073,3439.608,1790837.85,18576274.66,-0.1781
300,2019/2/20,3449.932,3463.774,3421.505,3451.927,1473903.11,14557026.31,0.3582
300,2019/2/21,3450.141,3500.252,3431.631,3442.706,1801432.87,18519715.48,-0.2671
300,2019/2/22,3439.378,3520.118,3417.978,3520.118,1872379.74,20286928.87,2.2486
300,2019/2/25,3575.853,3729.483,3574.689,3729.483,3425571.22,37638239.34,5.9477
300,2019/2/26,3734.706,3762.113,3679.271,3684.694,3580386.98,38763286.01,-1.2009
300,2019/2/27,3682.812,3737.632,3638.333,3678.392,2862360.07,30730614.81,-0.171
300,2019/2/28,3675.264,3695.465,3650.054,3669.37,1848102.2,20601095.82,-0.2453
300,2019/3/1,3699.216,3749.714,3668.765,3749.714,2047110.04,23562062.35,2.1896
300,2019/3/4,3783.037,3886.58,3764.776,3794.104,3234901.26,37639728.47,1.1838
300,2019/3/5,3785.376,3816.162,3770.786,3816.013,2308531.66,26146412.22,0.5774
300,2019/3/6,3822.859,3855.156,3787.523,3848.09,3180773.71,33115561.66,0.8406
300,2019/3/7,3841.146,3845.182,3778.8,3808.85,3298465.48,35933915.29,-1.0197
300,2019/3/8,3721.402,3774.543,3656.192,3657.579,3179900.77,34929669.12,-3.9716
300,2019/3/11,3663.977,3731.909,3650.813,3729.955,2309128.65,26871845.88,1.9788
300,2019/3/12,3758.315,3804.72,3723.679,3755.352,2749263.82,32518061.98,0.6809
300,2019/3/13,3758.713,3763.093,3708.815,3724.194,2336822.48,28617104.82,-0.8297
300,2019/3/14,3710.293,3747.819,3673.851,3698.486,1908172.37,23182014.94,-0.6903
300,2019/3/15,3713.936,3782.236,3713.936,3745.005,1751745.44,22419436.29,1.2578
300,2019/3/18,3753.644,3851.748,3733.678,3851.748,2169280.6,27647344.89,2.8503
300,2019/3/19,3856.589,3868.335,3815.219,3833.963,1817271.1,22409688.96,-0.4617
300,2019/3/20,3825.336,3855.147,3790.512,3835.44,1756320.9,21540699.36,0.0385
300,2019/3/21,3840.278,3864.07,3823.466,3836.891,1963103.1,23199344.56,0.0378
300,2019/3/22,3838.126,3845.581,3786.592,3833.801,1713569.93,19851838.63,-0.0805
300,2019/3/25,3776.443,3807.179,3741.606,3742.825,1985863.29,22339656.44,-2.373
300,2019/3/26,3766.529,3770.843,3687.547,3700.439,1730465.79,19654781.12,-1.1325
300,2019/3/27,3724.406,3750.264,3703.451,3743.388,1387584.54,17750752.84,1.1606
300,2019/3/28,3731.061,3755.716,3710.081,3728.395,1332721.29,17260439.29,-0.4005
300,2019/3/29,3739.774,3876.379,3739.774,3872.341,2156391.03,28302229.86,3.8608
300,2019/4/1,3901.17,3982.909,3901.17,3973.928,2713827.04,34079940.36,2.6234
300,2019/4/2,3986.344,3988.098,3956.506,3971.285,2260003.41,28189205.7,-0.0665
300,2019/4/3,3947.87,4026.497,3939.784,4022.157,2319173.68,28482649.54,1.281
300,2019/4/4,4039.742,4072.114,4021.706,4062.231,2604109.39,31353943.14,0.9963
300,2019/4/8,4097.103,4122.603,4017.489,4057.229,2675055.76,32467045.25,-0.1231
300,2019/4/9,4063.814,4084.243,4038.283,4075.43,1829568.08,24318791.31,0.4486
300,2019/4/10,4062.443,4115.378,4035.474,4085.847,1946876.13,27828202.51,0.2556
300,2019/4/11,4083.462,4097.125,3990.239,3997.578,1690496.41,23625915.67,-2.1604
300,2019/4/12,3986.782,4006.934,3961.464,3988.617,1358621.18,17879593.91,-0.2242
300,2019/4/15,4056.492,4085.388,3974.226,3975.524,1826455.71,23629872.14,-0.3283
300,2019/4/16,3958.096,4085.789,3943.488,4085.789,2020419.66,25056920.67,2.7736
300,2019/4/17,4080.717,4106.616,4057.503,4087.24,1803671.17,22882442.99,0.0355
300,2019/4/18,4085.115,4094.053,4056.236,4072.075,1465621.23,18781268.78,-0.371
300,2019/4/19,4076.295,4120.636,4046.204,4120.608,1507949.1,19470169.08,1.1918
300,2019/4/22,4125.972,4126.091,4015.475,4025.611,1893537.45,24438054.92,-2.3054
300,2019/4/23,4021.628,4061.086,4005.283,4019.005,1556116.5,20412150.58,-0.1641
300,2019/4/24,4033.629,4044.338,3967.806,4030.089,1454986.95,18649796.17,0.2758
300,2019/4/25,4013.603,4022.563,3938.325,3941.816,1597220.71,19753099.78,-2.1903
300,2019/4/26,3921.891,3943.833,3887.253,3889.275,1420080.68,18657213.71,-1.3329
300,2019/4/29,3896.582,3953.229,3875.452,3900.334,1538709.27,20394655.32,0.2843
300,2019/4/30,3887.18,3923.108,3885.147,3913.211,1162333.76,16166592.39,0.3302
300,2019/5/6,3775.077,3791.612,3647.141,3684.617,1974728.82,25411540.01,-5.8416
300,2019/5/7,3702.266,3738.177,3671.834,3720.668,1328476.54,18365915.92,0.9784
300,2019/5/8,3648.549,3722.933,3642.498,3667.457,1128673.55,14505848.64,-1.4301
300,2019/5/9,3637.346,3656.897,3584.823,3599.7,1010373.94,14182909.58,-1.8475
300,2019/5/10,3643.056,3732.924,3589.291,3730.451,1480038.47,19506717.08,3.6323
300,2019/5/13,3675.76,3702.901,3658,3668.726,1033918.6,13505392.67,-1.6546
300,2019/5/14,3630.439,3683.262,3630.439,3645.15,1023134.6,13526286.89,-0.6426
300,2019/5/15,3674.993,3741.041,3674.993,3727.092,1101617.69,15253454.68,2.248
300,2019/5/16,3720.039,3745.141,3707.903,3743.964,1162582.74,13985194.01,0.4527
300,2019/5/17,3744.875,3745.356,3637.583,3648.761,1284532.45,15409234.97,-2.5428
300,2019/5/20,3635.736,3644.5,3583.832,3617.792,1089634.77,13419426.26,-0.8488
300,2019/5/21,3619.437,3690.088,3610.682,3666.776,1110229.2,13307138.11,1.354
300,2019/5/22,3663.153,3679.273,3634.748,3649.38,983461.28,12177524.42,-0.4744
300,2019/5/23,3629.528,3631.474,3578.113,3583.965,998977.81,12561196.95,-1.7925
300,2019/5/24,3584.902,3623.39,3580.785,3593.914,809340.48,10133749.64,0.2776
300,2019/5/27,3592.603,3648.027,3556.257,3637.197,1088308.71,13339905.39,1.2043
300,2019/5/28,3633.018,3683.231,3627.788,3672.261,1178862.4,14896633.47,0.964
300,2019/5/29,3642.542,3693.227,3637.348,3663.909,933554.41,12000203.42,-0.2274
300,2019/5/30,3648.85,3650.972,3612.625,3641.183,942025.61,11286407.93,-0.6203
300,2019/5/31,3640.996,3668.18,3627.545,3629.789,892222.67,10826420.13,-0.3129
300,2019/6/3,3640.613,3672.814,3613.127,3632.013,1007231.8,12390244.64,0.0613
300,2019/6/4,3632.56,3636.128,3584.461,3598.467,870970.94,10946723.65,-0.9236
300,2019/6/5,3627.795,3634.454,3593.952,3597.105,886420.2,11463422.82,-0.0378
300,2019/6/6,3601.036,3601.036,3557.017,3564.678,855344.03,10436726.77,-0.9015
300,2019/6/10,3578.008,3623.73,3568.279,3610.744,923750.61,11734660.89,1.2923
300,2019/6/11,3617.524,3723.142,3617.524,3719.276,1434828.06,18089907.23,3.0058
300,2019/6/12,3706.864,3711.879,3683.939,3691.096,1191788.53,13229609.79,-0.7577
300,2019/6/13,3689.583,3697.592,3654.274,3685.393,963317.18,11045990.19,-0.1545
300,2019/6/14,3690.476,3709.652,3650.91,3654.88,1018170.04,11658426.06,-0.8279
300,2019/6/17,3654.443,3683.774,3645.498,3654.825,729766.78,9309258.13,-0.0015
300,2019/6/18,3661.13,3675.645,3638.78,3667.619,706922.66,8947283.98,0.3501
300,2019/6/19,3761.338,3771.347,3715.133,3715.938,1255957.15,17257417.78,1.3174
300,2019/6/20,3718.942,3845.791,3717.186,3828.518,1688720.73,22772698.2,3.0297
300,2019/6/21,3832.732,3856.086,3817.307,3833.938,1536351.55,19996161.76,0.1416
300,2019/6/24,3836.305,3853.545,3819.769,3841.266,1000846.21,14364473.17,0.1911
300,2019/6/25,3837.426,3838.058,3755.01,3801.31,1240759.12,16935879.33,-1.0402
300,2019/6/26,3779.513,3809.758,3771.716,3794.331,818202.83,11210685.9,-0.1836
300,2019/6/27,3807.538,3854.08,3805.833,3834.817,1053163.58,15648341.82,1.067
300,2019/6/28,3832.06,3835.233,3803.055,3825.587,847661.39,11651205.07,-0.2407
300,2019/7/1,3899.331,3936.668,3886.909,3935.812,1583703.4,21747025.11,2.8813
300,2019/7/2,3931.049,3942.426,3918.938,3937.169,1318634.96,17399704.51,0.0345
300,2019/7/3,3927.437,3927.437,3878.841,3893.534,1119926.03,16314573.09,-1.1083
300,2019/7/4,3895.198,3906.889,3854.693,3873.102,993422.56,14266925.52,-0.5248
300,2019/7/5,3875.374,3900.31,3857.928,3893.203,740065.27,11623652.21,0.519
300,2019/7/8,3875.755,3875.755,3775.026,3802.79,1095390.86,14719841.94,-2.3223
300,2019/7/9,3798.095,3811.099,3774.764,3793.13,748427.32,11314760.3,-0.254
300,2019/7/10,3807.95,3810.396,3774.23,3786.739,728339.48,10135547.7,-0.1685
300,2019/7/11,3806.186,3830.739,3774.414,3785.221,753119.65,11367461.62,-0.0401
300,2019/7/12,3783.073,3820.235,3774.522,3808.731,754659.67,10700792.4,0.6211
300,2019/7/15,3792.641,3844.868,3745.855,3824.188,1012052.22,14249304.66,0.4058
300,2019/7/16,3819.247,3828.326,3799.867,3806.845,807309.52,10844968.28,-0.4535
300,2019/7/17,3800.106,3820.271,3787.897,3804.638,951838.85,11676678.11,-0.058
300,2019/7/18,3793.189,3793.392,3767.996,3768.402,874964.45,11166936.55,-0.9524
300,2019/7/19,3787.508,3828.151,3787.508,3807.955,880861.49,11779752.82,1.0496
300,2019/7/22,3813.502,3816.539,3765.443,3781.683,921013.77,11781044.81,-0.6899
300,2019/7/23,3783.541,3792.965,3768.761,3789.914,713133.46,10386660.88,0.2177
300,2019/7/24,3803.587,3840.058,3803.574,3819.833,909406.84,12994058.72,0.7894
300,2019/7/25,3821.39,3851.067,3812.953,3851.067,937404.17,12589950.26,0.8177
300,2019/7/26,3835.228,3863.588,3832.522,3858.569,832593,11092972.87,0.1948
300,2019/7/29,3857.939,3862.747,3842.426,3854.27,848143.7,11167910.88,-0.1114
300,2019/7/30,3861.57,3890.73,3861.57,3870.318,941239.55,12048028,0.4164
300,2019/7/31,3856.745,3856.745,3830.091,3835.359,821511.55,11108389.28,-0.9033
300,2019/8/1,3819.324,3831.264,3791.546,3803.469,841141.8,11764916.39,-0.8315
300,2019/8/2,3729.131,3754.533,3720.058,3747.438,1083358.97,14187478.76,-1.4732
300,2019/8/5,3724.41,3739.503,3675.688,3675.688,1013259.81,13306110.14,-1.9146
300,2019/8/6,3609.112,3649.895,3575.863,3636.329,1298338.71,16726747.96,-1.0708
300,2019/8/7,3654.632,3659.078,3621.431,3621.431,842387.16,10866766.8,-0.4097
300,2019/8/8,3651.357,3675.46,3646.939,3669.294,884577.07,11498161.61,1.3217
300,2019/8/9,3686.749,3689.177,3628.116,3633.53,852955.8,11635569,-0.9747
300,2019/8/12,3647.866,3699.105,3643.316,3699.105,820830.56,12112934.52,1.8047
300,2019/8/13,3675.587,3686.43,3658.013,3665.752,765003.02,10376431.94,-0.9017
300,2019/8/14,3712.066,3717.558,3680.609,3682.402,912025.9,12830167.11,0.4542
300,2019/8/15,3618.009,3694.299,3612.111,3694.001,885988.32,11924108.26,0.315
300,2019/8/16,3697.941,3738.096,3687.075,3710.539,883191.69,13269691.03,0.4477
300,2019/8/19,3736.034,3791.095,3720.689,3791.095,1393270.13,19544893.95,2.171
300,2019/8/20,3786.026,3799.898,3778.731,3787.732,1086020.88,14911534.07,-0.0887
300,2019/8/21,3778.309,3792.596,3775.447,3781.758,822998.8,12168850.51,-0.1577
300,2019/8/22,3793.855,3797.329,3771.205,3793.506,858077.92,12070813.61,0.3106
300,2019/8/23,3796.882,3829.361,3788.035,3820.864,879545.83,13780215.4,0.7212
300,2019/8/26,3756.362,3778.867,3753.165,3765.911,938592.69,14235098.55,-1.4382
300,2019/8/27,3791.459,3848.236,3790.873,3816.946,1247314.78,18174878.41,1.3552
300,2019/8/28,3818.813,3822.588,3790.138,3802.584,887508.12,13766727.72,-0.3763
300,2019/8/29,3805.494,3808.595,3774.397,3790.187,840833.87,12647567.66,-0.326
300,2019/8/30,3816.678,3828.97,3778.919,3799.586,966951.5,15240866.87,0.248
300,2019/9/2,3803.689,3855.777,3799.817,3848.32,1102893.49,16499445.86,1.2826
300,2019/9/3,3852.579,3856.681,3833.757,3853.611,977146.31,14627063.38,0.1375
300,2019/9/4,3848.648,3886.001,3846.422,3886.001,1266286.15,17683974.48,0.8405
300,2019/9/5,3909.209,3970.004,3909.209,3925.323,1816562.31,24468122.55,1.0119
300,2019/9/6,3946.685,3948.54,3922.336,3948.508,1218823.76,18171827,0.5907
300,2019/9/9,3980.958,3985.239,3954.876,3972.948,1468097.54,20954538.72,0.619
300,2019/9/10,3976.87,3976.923,3938.744,3959.265,1308893.86,18449434.99,-0.3444
300,2019/9/11,3969.676,3971.224,3922.953,3930.1,1315948.75,19016500.75,-0.7366
300,2019/9/12,3944.692,3975.931,3933.437,3972.38,1102412.73,15675065.31,1.0758
300,2019/9/16,3981.362,3982.204,3943.373,3957.715,1102598.05,15473655.23,-0.3692
300,2019/9/17,3947.158,3947.158,3879.485,3891.221,1136943.17,15489929.99,-1.6801
300,2019/9/18,3902.995,3923.146,3902.511,3910.084,820561.52,13015955.77,0.4848
300,2019/9/19,3923.963,3924.382,3897.067,3924.382,859842.38,12742179.12,0.3657
300,2019/9/20,3933.459,3942.224,3921.412,3935.651,1034559.55,15316258.85,0.2872
300,2019/9/23,3925.186,3925.186,3868.214,3890.662,940362.25,13922350.65,-1.1431
300,2019/9/24,3895.866,3927.012,3886.14,3901.076,877832.3,14234139.97,0.2677
300,2019/9/25,3887.555,3889.839,3867.228,3870.984,895208.35,13322446.36,-0.7714
300,2019/9/26,3884.702,3890.745,3840.247,3841.139,1026983.01,15080675,-0.771
300,2019/9/27,3843.458,3859.5,3832.247,3852.653,740039.47,10913048.4,0.2998
300,2019/9/30,3842.074,3857.232,3813.549,3814.528,659313.13,10048727.11,-0.9896
300,2019/10/8,3818.589,3861.643,3818.589,3837.679,766578.6,11836568.25,0.6069
300,2019/10/9,3822.607,3845.34,3805.067,3843.239,758545.12,11240620.7,0.1449
300,2019/10/10,3838.487,3877.142,3829.433,3874.639,792226.94,12747404.29,0.817
300,2019/10/11,3885.52,3922.369,3868.842,3911.725,934125.77,13981729.83,0.9571
300,2019/10/14,3944.859,3983.812,3934.733,3953.241,1223936.11,16785713.12,1.0613
300,2019/10/15,3953.165,3953.165,3928.151,3936.25,852739.49,12511710.7,-0.4298
300,2019/10/16,3939.276,3964.046,3919.017,3922.685,832297.07,12855853.35,-0.3446
300,2019/10/17,3929.386,3935.812,3913.917,3925.222,648637.45,9999185.04,0.0647
300,2019/10/18,3935.42,3940.541,3864.965,3869.378,823211.4,12218692.71,-1.4227
300,2019/10/21,3865.344,3884.745,3856.037,3880.84,741829.18,11085823.58,0.2962
300,2019/10/22,3896.315,3897.435,3870.549,3895.881,689185.66,10284337.12,0.3876
300,2019/10/23,3892.677,3901.424,3862.197,3871.085,701986.25,9973359.84,-0.6365
300,2019/10/24,3877.924,3890.196,3852.583,3870.668,713345.75,10509695.16,-0.0108
300,2019/10/25,3871.769,3899.722,3849.034,3896.792,774536.2,12667748.4,0.6749
300,2019/10/28,3904.982,3927.796,3897.818,3926.585,974060.2,15076220.17,0.7646
300,2019/10/29,3929.708,3932.375,3910.226,3910.226,822570.75,13961142.03,-0.4166
300,2019/10/30,3904.717,3908.1,3883.447,3891.226,778729.23,12261050.17,-0.4859
300,2019/10/31,3906.859,3907.151,3878.876,3886.752,867145.39,13501242.55,-0.115
300,2019/11/1,3883.808,3956.08,3876.416,3952.387,1006896.12,15147106.13,1.6887
300,2019/11/4,3964.005,3985.357,3964.005,3978.122,1041938.55,15448536.18,0.6511
300,2019/11/5,3982.116,4030.638,3970.866,4002.813,1129118.8,16331785.61,0.6207
300,2019/11/6,4006.327,4007.501,3973.776,3984.882,973129.52,13985976.35,-0.448
300,2019/11/7,3984.553,4005.383,3975.548,3991.875,872548.98,11775155.43,0.1755
300,2019/11/8,4017.674,4022.036,3971.573,3973.011,971069.48,13902667.34,-0.4726
300,2019/11/11,3948.619,3948.619,3897.55,3902.978,941556.21,13033008.23,-1.7627
300,2019/11/12,3905.958,3914.882,3877.74,3903.689,765430.69,10882823.58,0.0182
300,2019/11/13,3905.283,3908.42,3882.431,3899.982,767490.78,11205714.65,-0.095
300,2019/11/14,3905.928,3916.946,3895.142,3905.857,870084.46,11979156.68,0.1506
300,2019/11/15,3908.489,3915.105,3877.089,3877.089,837309.17,11542302.09,-0.7365
300,2019/11/18,3874.441,3913.103,3868.317,3907.929,766459.93,10708581.99,0.7954
300,2019/11/19,3904.1,3947.039,3902.378,3947.039,821610.25,12322717.26,1.0008
300,2019/11/20,3940.134,3943.227,3901.987,3907.864,768153.33,11800306.27,-0.9925
300,2019/11/21,3894.539,3901.826,3875.968,3889.598,691305.38,10414776.93,-0.4674
300,2019/11/22,3894.174,3918.839,3833.503,3849.995,910426.39,14698116.21,-1.0182
300,2019/11/25,3850.966,3878.251,3839.42,3878.206,1060662.89,14085107.63,0.7328
300,2019/11/26,3893.435,3899.11,3869.595,3891.653,1115135.37,14021363.31,0.3467
300,2019/11/27,3883.429,3889.978,3862.701,3875.619,764373.05,10723882.2,-0.412
300,2019/11/28,3877.901,3887.69,3852.011,3862.303,652301.19,8708178.89,-0.3436
300,2019/11/29,3857.188,3861.658,3804.829,3828.671,741443.31,11620055.69,-0.8708
300,2019/12/2,3835.513,3854.751,3829.313,3836.059,774121.73,10999259.25,0.193
300,2019/12/3,3829.212,3851.121,3811.628,3851.087,736112.4,10870371.5,0.3918
300,2019/12/4,3841.663,3852.992,3831.075,3849.819,796833.85,10964634.28,-0.0329
300,2019/12/5,3863.609,3883.403,3859.822,3879.364,890511.93,12935759.28,0.7674
300,2019/12/6,3885.058,3902.385,3878.7,3902.385,786488.87,11642477.58,0.5934
300,2019/12/9,3909.53,3911.968,3885.251,3895.447,953538.06,13087309.82,-0.1778
300,2019/12/10,3886.444,3900.959,3882.088,3900.384,862629.28,12111841.28,0.1267
300,2019/12/11,3907.159,3909.385,3890.341,3902.749,997654.8,12769040.34,0.0606
300,2019/12/12,3908.454,3908.454,3886.119,3891.024,847083.3,11787431.37,-0.3004
300,2019/12/13,3928.004,3969.457,3925.276,3968.221,1485713.49,20101888.58,1.984
300,2019/12/16,3970.709,3987.587,3953.513,3987.546,1484866.7,20215489.53,0.487
300,2019/12/17,3987.743,4067.136,3984.519,4041.8,2011629.37,25163786.53,1.3606
300,2019/12/18,4039.724,4057.64,4025.343,4032.783,1513517.64,19762020.75,-0.2231
300,2019/12/19,4034.616,4038.544,4014.895,4027.15,1179005.58,15255380.91,-0.1397
300,2019/12/20,4032.152,4046.726,4014.93,4017.253,1212676.62,15846023.24,-0.2458
300,2019/12/23,4014.693,4032.172,3964.38,3967.096,1228162.46,16204826.15,-1.2485
300,2019/12/24,3971.56,3994.509,3963.665,3992.958,959890.45,12249916.33,0.6519
300,2019/12/25,3988.657,4000.556,3976.356,3990.867,949388.9,13189646.7,-0.0524
300,2019/12/26,3993.669,4025.988,3993.541,4025.988,1088606.4,14081496.82,0.88
300,2019/12/27,4029.245,4066.796,4019.722,4022.028,1509264.11,19509041.7,-0.0984
300,2019/12/30,4015.52,4083.69,4001.495,4081.633,1559714.88,21681466,1.482
300,2019/12/31,4077.752,4098.144,4069.009,4096.582,1232642.58,17311934.85,0.3663
300,2020/1/2,4121.349,4172.656,4121.349,4152.241,1821167.72,27010553.2,1.3587
300,2020/1/3,4161.219,4164.299,4131.864,4144.965,1428262.44,21521628.83,-0.1752
300,2020/1/6,4120.521,4170.638,4102.38,4129.295,1753099.53,25018207.13,-0.378
300,2020/1/7,4137.402,4161.25,4135.097,4160.227,1394890.31,19638905.97,0.7491
300,2020/1/8,4139.632,4149.813,4101.98,4112.317,1675858.5,21240626.39,-1.1516
300,2020/1/9,4145.535,4165.657,4143.592,4164.37,1368863.24,20015035.29,1.2658
300,2020/1/10,4177.578,4180.977,4148.482,4163.185,1130317.19,17782741.37,-0.0285
300,2020/1/13,4166.925,4203.988,4148.601,4203.988,1196919.82,19979548.97,0.9801
300,2020/1/14,4215.158,4223.508,4188.081,4189.886,1293207.83,19622126.34,-0.3354
300,2020/1/15,4186.881,4193.869,4150.88,4166.734,1046331.36,16308193.06,-0.5526
300,2020/1/16,4174.817,4175.294,4142.18,4149.043,1002676.42,15624250.58,-0.4246
300,2020/1/17,4162.194,4177.028,4141.645,4154.853,987256.82,16659159.16,0.14
300,2020/1/20,4170.737,4185.963,4149.488,4185.83,1224091.47,20269228.74,0.7456
300,2020/1/21,4165.02,4165.02,4113.325,4114.309,1305275.07,20458688.05,-1.7086
300,2020/1/22,4093.801,4141.177,4046.487,4131.931,1267587.63,20813615.08,0.4283
300,2020/1/23,4093.323,4103.524,3972.393,4003.901,1603576.03,25040935.77,-3.0986
300,2020/2/3,3639.909,3732.157,3639.909,3688.358,1575596.47,24330310.54,-7.8809
300,2020/2/4,3652.004,3786.863,3652.004,3785.638,2139333.28,29816576.76,2.6375
300,2020/2/5,3801.099,3866.011,3781.613,3828.527,1749255.24,26404292.09,1.1329
300,2020/2/6,3841.754,3914.915,3806.96,3899.775,1764622.35,26282008.85,1.861
300,2020/2/7,3879.553,3899.884,3849.713,3899.869,1517317.59,23750881.63,0.0024
300,2020/2/10,3872.374,3920.167,3861.007,3916.005,1484069.69,22962544.19,0.4138
300,2020/2/11,3926.42,3970.522,3915.708,3952.464,1434416.74,21930711.94,0.931
300,2020/2/12,3945.666,3984.433,3940.667,3984.433,1267103.21,20077670.66,0.8088
300,2020/2/13,3985.876,3999.55,3950.142,3959.919,1450018.43,22860596.48,-0.6152
300,2020/2/14,3954.234,4001.563,3954.023,3987.734,1432398.03,22289507.36,0.7024
300,2020/2/17,3999.651,4077.446,3999.651,4077.424,1827789.69,27306781.73,2.2491
300,2020/2/18,4069.832,4076.388,4027.786,4057.511,1632362.2,24255251.73,-0.4884
300,2020/2/19,4049.586,4085.17,4042.845,4051.311,1690464.41,25755453.57,-0.1528
300,2020/2/20,4062.897,4148.529,4055.811,4144.656,2122326.24,31083558.92,2.3041
300,2020/2/21,4134.875,4184.438,4130.168,4149.49,2172136.04,32656400.36,0.1166
300,2020/2/24,4131.836,4149.01,4097.175,4132.839,2128693.03,32638780.06,-0.4013
300,2020/2/25,4066.302,4126.708,4020.908,4123.854,2441678.31,37221371.7,-0.2174
300,2020/2/26,4070.099,4132.782,4061.125,4073.015,2610940.61,36602241.79,-1.2328
300,2020/2/27,4084.078,4110.528,4067.441,4084.876,1812909.81,28205020.64,0.2912
300,2020/2/28,3988.727,4031.145,3928.066,3940.049,2302750.93,33035890.73,-3.5454
300,2020/3/2,3968.844,4092.539,3968.844,4069.666,2193135.59,31742620.55,3.2897
300,2020/3/3,4125.136,4147.653,4067.909,4091.362,2193697.77,33080258.46,0.5331
300,2020/3/4,4078.5,4115.262,4060.729,4115.052,1824247.3,28178486.38,0.579
300,2020/3/5,4150.21,4215.851,4127.039,4206.725,2318231.15,36283883.18,2.2277
300,2020/3/6,4158.202,4181.31,4135.39,4138.507,1724757.17,25316863.2,-1.6216
300,2020/3/9,4063.076,4063.076,3995.131,3997.133,2081020.35,30542873.03,-3.4161
300,2020/3/10,3975.229,4093.002,3954.751,4082.732,1974164.02,29618443.59,2.1415
300,2020/3/11,4090.935,4091.27,4028.396,4028.429,1616561.11,24499087.27,-1.3301
300,2020/3/12,3976.114,3987.434,3926.27,3950.911,1570604.58,23315284.88,-1.9243
300,2020/3/13,3771.014,3937.181,3765.148,3895.313,1882967.22,28021345.32,-1.4072
300,2020/3/16,3899.86,3899.86,3720.513,3727.84,1859682.6,28283623.83,-4.2993
300,2020/3/17,3739.783,3786.891,3618.307,3709.682,1662461.29,25082402.57,-0.4871
300,2020/3/18,3729.685,3775.851,3636.257,3636.257,1550375.47,24412716.15,-1.9793
300,2020/3/19,3623.789,3647.987,3503.187,3589.093,1808074.07,27182746.8,-1.297
300,2020/3/20,3629.513,3663.952,3588.777,3653.224,1396030,21122300,1.7868
300,2020/3/23,3542.684,3585.801,3523.788,3530.306,1371087.9,19766962.5,-3.3646
300,2020/3/24,3598.655,3627.759,3545.452,3625.115,1431030.21,20855384.07,2.6856
300,2020/3/25,3711.475,3732.654,3685.994,3722.518,1534959.58,23156151.88,2.6869
300,2020/3/26,3692.608,3736.254,3681.267,3698.047,1123106.65,16933631.19,-0.6574
300,2020/3/27,3746.391,3758.783,3709.921,3710.061,1240609.95,18610342.63,0.3249
300,2020/3/30,3657.462,3690.639,3637.585,3674.111,1268766.73,18064079.94,-0.969
300,2020/3/31,3708.14,3716.071,3676.202,3686.155,1114530.25,16159551,0.3278
300,2020/4/1,3682.297,3731.78,3670.965,3675.076,1193526.2,17042256.88,-0.3006
300,2020/4/2,3656.323,3734.531,3652.317,3734.531,1151682.09,16889325.57,1.6178
300,2020/4/3,3721.482,3738.832,3698.982,3713.218,998250.83,15013281.5,-0.5707
300,2020/4/7,3779.908,3803.629,3772.205,3798.021,1427780.3,20764282.03,2.2838
300,2020/4/8,3776.417,3793.002,3767.292,3780.345,1113895.13,16157677.23,-0.4654
300,2020/4/9,3798.488,3801.725,3785.312,3792.811,1004850.32,15459531.88,0.3298
300,2020/4/10,3794.843,3824.744,3758.96,3769.178,1024449.56,16225123.38,-0.6231
300,2020/4/13,3751.709,3769.876,3740.194,3753.257,790533.43,11987430.32,-0.4224
300,2020/4/14,3777.834,3825.76,3764.984,3825.699,1106375.85,17061257.98,1.9301
300,2020/4/15,3820.851,3829.801,3793.44,3797.362,1084619.84,16970021.66,-0.7407
300,2020/4/16,3777.799,3807.357,3774.559,3802.381,959479.65,14716430.21,0.1322
300,2020/4/17,3831.923,3863.452,3821.42,3839.487,1320043.01,20359526.7,0.9759
300,2020/4/20,3845.46,3853.798,3831.553,3853.455,1000131.15,15192409.01,0.3638
300,2020/4/21,3838.231,3838.231,3779.997,3808.047,1029218.88,15507745.41,-1.1784
300,2020/4/22,3789.13,3839.383,3782.215,3839.383,858994.64,13554728.08,0.8229
300,2020/4/23,3851.913,3857.471,3826.557,3829.753,955084.5,14212254.88,-0.2508
300,2020/4/24,3826.312,3827.212,3787.071,3796.972,948441.35,13896120.03,-0.856
300,2020/4/27,3808.017,3842.871,3793.766,3822.769,954627.35,14530115.19,0.6794
300,2020/4/28,3835.348,3859.675,3768.2,3849.147,1220934.76,18417975.92,0.69
300,2020/4/29,3837.514,3880.744,3833.716,3867.032,958545.9,15128210.37,0.4646
300,2020/4/30,3880.409,3921.7,3880.409,3912.577,1329171.25,20226828.88,1.1778
300,2020/5/6,3867.259,3937.691,3865.988,3936.254,1398556.75,21493596.24,0.6052
300,2020/5/7,3937.592,3941.483,3915.905,3924.895,1055146.46,16720780.18,-0.2886
300,2020/5/8,3942.997,3979.663,3935.981,3963.622,1169433.41,19029958.47,0.9867
300,2020/5/11,3974.761,3998.097,3944.504,3960.18,1226738.03,19375809.39,-0.0868
300,2020/5/12,3961.343,3970.112,3930.211,3960.238,982505.54,15746578.01,0.0015
300,2020/5/13,3946.643,3972.525,3932.571,3968.253,881906.69,14556338.33,0.2024
300,2020/5/14,3952.199,3952.199,3924.045,3925.218,885300.04,14349917.77,-1.0845
300,2020/5/15,3941.125,3945.196,3907.402,3912.816,926183.82,15330150.51,-0.316
300,2020/5/18,3914.66,3946.431,3898.404,3922.912,1128017.62,18852812.14,0.258
300,2020/5/19,3963.775,3966.852,3944.072,3956.25,940152.91,15988622.24,0.8498
300,2020/5/20,3955.715,3955.715,3923.921,3935.222,1007911.5,15710253.33,-0.5315
300,2020/5/21,3950.598,3951.743,3907.579,3913.795,948610.33,14915414.23,-0.5445
300,2020/5/22,3907.576,3907.576,3818.149,3824.064,1033783.6,15728650.5,-2.2927
300,2020/5/25,3828.321,3835.633,3800.18,3829.325,790333.26,12701191.77,0.1376
300,2020/5/26,3850.001,3874.748,3844.478,3872.77,774480.76,12544561.93,1.1345
300,2020/5/27,3873.698,3873.698,3838.425,3845.614,837118.31,12373750.12,-0.7012
300,2020/5/28,3848.489,3885.421,3818.432,3856.632,930640.54,13910840.78,0.2865
300,2020/5/29,3838.377,3872.303,3830.419,3867.023,938138.32,13565813.6,0.2694
300,2020/6/1,3901.726,3976.315,3901.726,3971.34,1364566.52,20843651.29,2.6976
300,2020/6/2,3969.952,3991.776,3958.977,3983.568,1443030.6,19556330.43,0.3079
300,2020/6/3,4001.171,4018.676,3982.93,3983.648,1365974.83,20088276.77,0.002
300,2020/6/4,3998.164,3999.805,3968.572,3982.185,1042777.37,14905785.58,-0.0367
300,2020/6/5,3988.224,4001.251,3967.926,4001.251,1024439.42,15431134.3,0.4788
300,2020/6/8,4023.606,4050.221,4016.102,4021.955,1379258.13,19304751.87,0.5174
300,2020/6/9,4027.561,4052.156,4016.339,4047.029,1153044.79,16653396.6,0.6234
300,2020/6/10,4046.232,4046.232,4024.419,4039.705,1122657.28,16677864.24,-0.181
300,2020/6/11,4031.74,4043.012,3979.752,3995.885,1273089.41,19707944.19,-1.0847
300,2020/6/12,3931.624,4011.059,3927.249,4003.083,1341666.49,19350404.67,0.1801
300,2020/6/15,3982.967,4007.14,3954.988,3954.988,1312978.6,21112533.61,-1.2014
300,2020/6/16,3995.579,4014.57,3987.864,4014.57,1110515.39,18510402.92,1.5065
300,2020/6/17,4018.609,4018.609,3992.134,4017.594,1056057.99,17697750.36,0.0753
300,2020/6/18,4009.783,4047.557,4000.901,4044.384,1381487.61,21019291.81,0.6668
300,2020/6/19,4047.048,4109.36,4043.493,4098.71,1529469.9,25554979.73,1.3432
300,2020/6/22,4097.507,4126.942,4088.782,4102.046,1558294.65,25920052.07,0.0814
300,2020/6/23,4098.037,4124.725,4080.753,4121.794,1292295.1,23480651.08,0.4814
300,2020/6/24,4128.1,4144.678,4123.358,4138.99,1217124.65,22455143,0.4172
300,2020/6/29,4127.935,4137.37,4092.535,4109.716,1308658.54,22652205.98,-0.7073
300,2020/6/30,4130.003,4174.424,4129.775,4163.964,1259335.21,22793570.45,1.32
300,2020/7/1,4172.643,4247.784,4163.495,4247.784,1699904.56,30571179.98,2.013
300,2020/7/2,4239.408,4340.104,4238.116,4335.845,2529393.68,39957152.67,2.0731
300,2020/7/3,4353.194,4419.596,4348.454,4419.596,2904855.39,44233502.43,1.9316
300,2020/7/6,4465.808,4678.112,4465.808,4670.095,4058210.25,59743821.77,5.6679
300,2020/7/7,4739.61,4796.316,4688.057,4698.126,4060085.53,63525474.27,0.6002
300,2020/7/8,4692.862,4803.364,4670.65,4774.004,3480748.47,53284982.6,1.6151
300,2020/7/9,4770.077,4854.12,4757.294,4840.771,3510468.93,55671873.21,1.3986
300,2020/7/10,4796.087,4821.375,4734.473,4753.133,3169496.51,51047205.51,-1.8104
300,2020/7/13,4742.374,4878.077,4741.874,4852.961,3216454.46,54110509.87,2.1003
300,2020/7/14,4836.166,4860.44,4729.926,4806.69,2972419.85,51121104.82,-0.9535
300,2020/7/15,4821.516,4837.476,4723.361,4744.469,2723890.06,48674834.77,-1.2945
300,2020/7/16,4741.53,4772.564,4513.654,4516.253,2846571.33,51123796.29,-4.8101
300,2020/7/17,4524.772,4601.373,4485.821,4544.701,2073755.63,37297388.7,0.6299
300,2020/7/20,4597.204,4681.943,4534.231,4680.305,2460689.14,41671422.23,2.9838
300,2020/7/21,4697.503,4714.293,4661.444,4691.043,2004156.59,35606980.58,0.2294
300,2020/7/22,4682.658,4790.449,4675.349,4714.445,2241992.11,38647085.99,0.4989
300,2020/7/23,4668.74,4731.4,4607.659,4712.436,2343145.69,40517526.87,-0.0426
300,2020/7/24,4679.027,4691.698,4479.393,4505.591,2439052.03,43772671.23,-4.3893
300,2020/7/27,4535.005,4558.119,4482.441,4528.45,1714205.51,30189337.02,0.5073
300,2020/7/28,4567.669,4590.25,4537.685,4568.258,1627684.98,29283578.53,0.8791
300,2020/7/29,4559.163,4680.558,4548.854,4679.008,1866953.05,35043264.92,2.4243
300,2020/7/30,4689.763,4704.631,4649.768,4656.151,1669675.66,32400924.27,-0.4885
300,2020/7/31,4652.182,4741.808,4621.964,4695.046,1848390.26,35111931.24,0.8353
300,2020/8/3,4735.899,4771.369,4720.025,4771.311,2147762.39,40191482.49,1.6244
300,2020/8/4,4778.487,4807.078,4747.775,4775.802,2399749.85,42641134.59,0.0941
300,2020/8/5,4761.764,4786.703,4711.272,4777.109,1967005.48,34740783.94,0.0274
300,2020/8/6,4779.238,4791.857,4691.157,4762.764,2278544.06,40432340.4,-0.3003
300,2020/8/7,4742.294,4749.022,4637.843,4707.926,2135182.16,39704121.28,-1.1514
300,2020/8/10,4681.755,4757.663,4646.289,4724.87,2037888.32,37129756,0.3599
300,2020/8/11,4730.375,4791.534,4674.864,4681.784,2055465.11,35082858.62,-0.9119
300,2020/8/12,4668.89,4681.621,4566.274,4647.645,2028872.39,34729867.32,-0.7292
300,2020/8/13,4666.49,4671.769,4626.103,4635.713,1525500.92,25094587.26,-0.2567
300,2020/8/14,4627.61,4708.071,4617.632,4704.629,1472929.21,25434393.43,1.4866
300,2020/8/17,4727.12,4838.086,4721.359,4815.226,2680015.56,41646915.49,2.3508
300,2020/8/18,4816.57,4825.386,4788.829,4812.756,1891398.54,31439590.45,-0.0513
300,2020/8/19,4804.666,4809.05,4738.009,4740.678,1924429.48,31940328.47,-1.4976
300,2020/8/20,4708.125,4721.436,4662.803,4679.154,1583686.39,26048656.35,-1.2978
300,2020/8/21,4717.787,4739.484,4684.81,4718.843,1426578.64,25177516.02,0.8482
300,2020/8/24,4746.404,4769.467,4716.605,4755.849,1511435.12,27242868.64,0.7842
300,2020/8/25,4769.211,4802.412,4746.313,4761.951,1417013.51,26230878.83,0.1283
300,2020/8/26,4761.719,4786.425,4689.881,4706.13,1513051.8,27745636.06,-1.1722
300,2020/8/27,4718.062,4731.935,4679.362,4731.345,1190428.5,22363151.14,0.5358
300,2020/8/28,4727.292,4850.488,4719.353,4844.265,1593997.65,30504788.25,2.3866
300,2020/8/31,4870.934,4901.212,4816.212,4816.215,2025670.29,35700506.46,-0.579
300,2020/9/1,4803.392,4842.135,4791.783,4842.122,1383954.02,26201807.06,0.5379
300,2020/9/2,4859.075,4863.551,4797.52,4843.887,1579895.24,28077861.38,0.0365
300,2020/9/3,4841.502,4877.012,4800.058,4817.095,1456712.01,27941198.88,-0.5531
300,2020/9/4,4737.237,4778.203,4726.556,4770.219,1200327.96,23846333.79,-0.9731
300,2020/9/7,4759.521,4789.303,4655.56,4669.368,1486077.91,28231639.41,-2.1142
300,2020/9/8,4683.826,4707.897,4639.053,4694.389,1391992.27,24919813.81,0.5359
300,2020/9/9,4634.247,4645.197,4558.03,4584.589,1622771.07,24490519.19,-2.339
300,2020/9/10,4632.099,4647.751,4572.206,4581.978,1506528.78,22614635.48,-0.057
300,2020/9/11,4572.257,4630.884,4563.106,4627.283,1153024.24,19824092.73,0.9888
300,2020/9/14,4652.054,4666.986,4625.988,4651.051,1072351.79,21165341.18,0.5136
300,2020/9/15,4649.447,4691.5,4630.537,4688.483,1019159.25,19457368.41,0.8048
300,2020/9/16,4683.006,4690.682,4638.459,4657.358,1087536.41,19612018.49,-0.6639
300,2020/9/17,4642.054,4664.949,4601.639,4632.714,1059836.31,21414664.73,-0.5291
300,2020/9/18,4636.642,4737.804,4631.705,4737.089,1604264.75,28188594.42,2.253
300,2020/9/21,4750.748,4752.98,4688.72,4691.428,1245358.27,22413791.27,-0.9639
300,2020/9/22,4654.218,4706.21,4622.111,4635.761,1196729.47,20290921.55,-1.1866
300,2020/9/23,4639.659,4665.96,4623.553,4652.327,958265.28,19039347.23,0.3574
300,2020/9/24,4623.954,4631.948,4562.209,4563.066,1125936.83,19351587.37,-1.9186
300,2020/9/25,4582.482,4599.539,4554.72,4570.022,930151.55,16745737.7,0.1524
300,2020/9/28,4582.647,4613.632,4571.151,4581.909,850483.89,15931467.54,0.2601
300,2020/9/29,4608.293,4616.677,4586.354,4591.799,859938.58,15993788.85,0.2158
300,2020/9/30,4607.575,4634.724,4563.411,4587.395,890812,16553222.09,-0.0959
300,2020/10/9,4663.61,4695.404,4655.085,4681.141,1113375.12,22992673.15,2.0436
300,2020/10/12,4705.188,4823.267,4704.155,4823.158,1557845.58,30784855.8,3.0338
300,2020/10/13,4812.899,4845.919,4795.373,4839.201,1165163.38,24217256.72,0.3326
300,2020/10/14,4830.458,4830.458,4795.907,4807.102,1119069.23,22983620.72,-0.6633
300,2020/10/15,4810.782,4833.893,4796.265,4798.736,1099649.62,21387828.5,-0.174
300,2020/10/16,4798.916,4825.552,4765.967,4791.676,1167161.02,20417513.07,-0.1471
300,2020/10/19,4823.494,4849.605,4747.336,4755.488,1292463.61,22539219.82,-0.7552
300,2020/10/20,4751.369,4793.467,4739.458,4793.467,980481.56,18584919.8,0.7986
300,2020/10/21,4801.631,4801.631,4758.855,4792.828,1038057.03,18997869.7,-0.0133
300,2020/10/22,4780.595,4791.808,4725.499,4777.985,1013508.91,19461497.12,-0.3097
300,2020/10/23,4775.467,4802.456,4717.098,4718.488,1068251.84,20098582.2,-1.2452
300,2020/10/26,4684.047,4713.395,4639.302,4691.236,1083432.75,20551898.83,-0.5776
300,2020/10/27,4680.137,4708.462,4671.854,4699.279,926563.04,18667554.57,0.1714
300,2020/10/28,4703.004,4753.313,4685.601,4737.272,1084634.02,22675426.41,0.8085
300,2020/10/29,4683.607,4803.032,4679.253,4772.92,1171172.5,25230350.5,0.7525
300,2020/10/30,4776.473,4778.509,4683.472,4695.334,1398023.03,28078332.17,-1.6255
300,2020/11/2,4702.746,4738.024,4695.444,4720.831,1428676.93,27902768.52,0.543
300,2020/11/3,4743.174,4793.396,4734.175,4777.561,1360554.08,25239055.63,1.2017
300,2020/11/4,4781.448,4825.464,4770.558,4813.656,1146618.06,23051377.3,0.7555
300,2020/11/5,4861.338,4885.112,4838,4885.112,1392445.94,28195193.24,1.4844
300,2020/11/6,4897.63,4897.63,4845.429,4885.718,1536390.34,30536510.37,0.0124
300,2020/11/9,4918.861,4997.802,4918.861,4981.35,1971319.84,37192328.21,1.9574
300,2020/11/10,4995.413,4995.413,4928.932,4953.876,1762672.14,33427146,-0.5515
300,2020/11/11,4937.758,4957.585,4901.707,4904.898,1644705.15,30385855.8,-0.9887
300,2020/11/12,4916.774,4926.342,4891.51,4908.463,1181146.19,22764590.71,0.0727
300,2020/11/13,4886.978,4886.978,4825.758,4856.851,1336930.79,25535311.17,-1.0515
300,2020/11/16,4880.958,4904.172,4848.624,4904.172,1487709.8,26670503.17,0.9743
300,2020/11/17,4903.12,4909.29,4865.394,4894.786,1514874.64,28891140.86,-0.1914
300,2020/11/18,4889.675,4911.088,4870.716,4891.672,1642166.16,29072722.32,-0.0636
300,2020/11/19,4880.922,4939.791,4870.201,4927.989,1336813.78,24772713.5,0.7424
300,2020/11/20,4928.222,4947.43,4922.59,4943.288,1294003.41,22905367.92,0.3105
300,2020/11/23,4954.599,5029.652,4940.449,5005.027,2059151.87,33363382.64,1.2489
300,2020/11/24,4997.049,5001.061,4960.982,4974.286,1566379.11,26480444.33,-0.6142
300,2020/11/25,4992.747,5004.773,4910.7,4910.7,1703405.27,27707064.3,-1.2783
300,2020/11/26,4908.321,4925.286,4867.815,4919.591,1372023.38,23974814.55,0.1811
300,2020/11/27,4930.593,4980.765,4917.348,4980.765,1629529.22,25317897.12,1.2435
300,2020/11/30,4994.106,5055.192,4960.252,4960.252,2626389.5,39649583.44,-0.4118
300,2020/12/1,4963.13,5072.549,4963.13,5067.098,2040656.38,32845101.44,2.154
300,2020/12/2,5072.976,5090.608,5043.309,5067.145,1954354.76,31060972.88,0.0009
300,2020/12/3,5065.453,5072.305,5033.789,5057.06,1778657.48,27533520.74,-0.199
300,2020/12/4,5049.523,5072.387,5017.851,5065.916,1443471.67,25779882.07,0.1751
300,2020/12/7,5065.729,5067.87,5014.609,5022.235,1398962.17,26465777.39,-0.8623
300,2020/12/8,5029.106,5043.061,4998.922,5009.879,1230730.29,23488064.84,-0.246
300,2020/12/9,5022.385,5033.642,4942.52,4942.699,1389169.65,26077277.42,-1.341
300,2020/12/10,4931.293,4962.743,4919.77,4940.525,1259142.7,22965127.84,-0.044
300,2020/12/11,4957.824,4957.824,4849.355,4889.629,1593576.97,27521273.01,-1.0302
300,2020/12/14,4903.627,4937.26,4887.66,4934.835,1208015.52,24787827.97,0.9245
300,2020/12/15,4931.602,4954.189,4904.793,4945.1,1183426.33,24809339.02,0.208
300,2020/12/16,4957.297,4968.856,4938.193,4953.867,1067789.68,22969603.57,0.1773
300,2020/12/17,4960.729,5021.617,4950.371,5017.478,1333854.79,27018035.61,1.2841
300,2020/12/18,5014.321,5027.445,4979.005,4999.968,1280496.18,25893855.15,-0.349
300,2020/12/21,4995.762,5048.507,4969.999,5046.84,1408117.82,29820429.68,0.9374
300,2020/12/22,5034.983,5055.135,4960.946,4964.773,1623449.7,32675881.77,-1.6261
300,2020/12/23,4977.299,5028.451,4968.151,5007.124,1402928.19,30872903.75,0.853
300,2020/12/24,5006.005,5033.038,4979.237,5000.015,1144186.67,24667447.62,-0.142
300,2020/12/25,4985.77,5042.098,4973.681,5042.014,1210069.79,24399226.82,0.84
300,2020/12/28,5042.943,5089.345,5037.858,5064.415,1369144.07,28101925.42,0.4443
300,2020/12/29,5071.449,5077.417,5034.308,5042.936,1411986.62,27903523.33,-0.4241
300,2020/12/30,5037.985,5113.711,5036.629,5113.711,1486264.48,29657781.26,1.4034
300,2020/12/31,5122.48,5215.618,5122.48,5211.289,1716025.09,35873137.18,1.9082
300,2021/1/4,5212.931,5284.434,5190.937,5267.718,2117113.82,45279617.56,1.0828
300,2021/1/5,5245.836,5368.505,5234.378,5368.505,2249311.59,49804193.98,1.9133
300,2021/1/6,5386.514,5433.469,5341.43,5417.668,1937734.44,44443437.71,0.9158
300,2021/1/7,5428.394,5513.657,5413.353,5513.657,2198720.8,47338535.37,1.7718
300,2021/1/8,5526.288,5547.473,5442.694,5495.431,2043249.56,47356765.4,-0.3306
300,2021/1/11,5504.236,5555.692,5412.505,5441.158,2318359.83,52229848.25,-0.9876
300,2021/1/12,5419.5,5596.353,5417.627,5596.353,2242201.86,48623376.07,2.8522
300,2021/1/13,5609.264,5644.72,5535.144,5577.971,2615698.86,54695973.64,-0.3285
300,2021/1/14,5556.213,5568.018,5458.682,5470.456,2436833.8,50189011.19,-1.9275
300,2021/1/15,5471.391,5500.635,5390.274,5458.081,2386374.35,47570992.04,-0.2262
300,2021/1/18,5438.162,5541.461,5410.775,5518.521,2070518.69,42271720.92,1.1073
300,2021/1/19,5525.969,5532.479,5415.717,5437.523,2110434.25,43320517.65,-1.4677
300,2021/1/20,5439.911,5496.049,5426.536,5476.434,1709132.6,37377038.45,0.7156
300,2021/1/21,5492.959,5593.106,5490.563,5564.969,2099501.97,45318368.45,1.6167
300,2021/1/22,5562.379,5573.659,5513.877,5569.776,1993000.2,45662219.34,0.0864
300,2021/1/25,5564.124,5655.48,5543.266,5625.923,1970470.19,50816698.08,1.0081
300,2021/1/26,5600.902,5600.902,5505.996,5512.968,1719045.9,41500806.99,-2.0078
300,2021/1/27,5505.771,5534.993,5449.639,5528.003,1601908.41,37689260.58,0.2727
300,2021/1/28,5450.37,5462.235,5360.377,5377.143,1704855.85,37616652.32,-2.729
300,2021/1/29,5413.968,5430.202,5288.096,5351.965,1821787.84,39028769,-0.4682
300,2021/2/1,5356.854,5422.299,5342.046,5417.648,1663137.06,34685908.37,1.2273
300,2021/2/2,5429.703,5503.215,5411.517,5501.092,1652105.65,38001671.61,1.5402
300,2021/2/3,5499.296,5532.886,5473.124,5485.201,1880543.17,40434360.26,-0.2889
300,2021/2/4,5453.976,5510.054,5411.575,5473.948,1805756.54,39799520.54,-0.2052
300,2021/2/5,5494.701,5550.771,5477.652,5483.414,1896995.98,39540013.45,0.1729
300,2021/2/8,5506.142,5576.491,5479.853,5564.562,1640337.75,36758277.17,1.4799
300,2021/2/9,5584.165,5686.25,5555.054,5686.25,1648872.6,37876912.12,2.1868
300,2021/2/10,5709.684,5823.422,5707.33,5807.719,1701697.86,41705646.34,2.1362
300,2021/2/18,5922.071,5930.912,5747.663,5768.381,2188486.86,50748123.6,-0.6773
300,2021/2/19,5734.019,5787.887,5667.321,5778.842,2144757.8,45643379.37,0.1814
300,2021/2/22,5785.51,5785.51,5597.333,5597.333,2821243.82,54363315.32,-3.1409
300,2021/2/23,5542.684,5644.755,5541.109,5579.668,2338077.27,42490447.08,-0.3156
300,2021/2/24,5591.48,5598.828,5379.728,5437.568,2254286.1,47236921.1,-2.5467
300,2021/2/25,5494.471,5527.63,5444.165,5469.558,2307360.28,41220615.71,0.5883
300,2021/2/26,5343.904,5416.32,5318.858,5336.761,2122645.43,40571770.01,-2.4279
300,2021/3/1,5389.25,5421.555,5345.945,5418.784,1774635.23,35814654.6,1.5369
300,2021/3/2,5453.285,5454.969,5305.055,5349.63,1965111.15,37644460.47,-1.2762
300,2021/3/3,5327.347,5452.396,5316.481,5452.213,1947090.54,33761031.36,1.9176
300,2021/3/4,5388.479,5392.373,5254.777,5280.706,2127752.11,38438245.7,-3.1456
300,2021/3/5,5191.97,5307.82,5174.246,5262.796,2026279.56,35253977.43,-0.3392
300,2021/3/8,5299.791,5326.26,5079.798,5080.025,2302316.35,40713380.21,-3.4729
300,2021/3/9,5066.155,5094.311,4917.909,4970.999,2307110.04,41441521.38,-2.1462
300,2021/3/10,5047.059,5055.279,4981.616,5003.612,1699284.9,30957740.87,0.6561
300,2021/3/11,5024.559,5138.415,5020.578,5128.216,1896007.66,33385919.97,2.4903
300,2021/3/12,5153.674,5153.674,5086.823,5146.379,2010205.89,32323775.14,0.3542
300,2021/3/15,5116.123,5120.876,4992.399,5035.544,2041530.84,33074051.38,-2.1537
300,2021/3/16,5054.409,5084.309,5009.951,5079.362,1613900.54,27175504.86,0.8702
300,2021/3/17,5062.771,5123.545,5020.126,5100.858,1491623.76,26349241.77,0.4232
300,2021/3/18,5114.587,5160.457,5111.129,5141.768,1429015.18,26093004.68,0.802
300,2021/3/19,5068.532,5089.918,4980.761,5007.091,1641748.49,28297448.92,-2.6193
300,2021/3/22,5008.395,5071.338,4996.541,5057.152,1674026.32,26420909.89,0.9998
300,2021/3/23,5057.063,5064.02,4966.534,5009.246,1580139.67,25575537.77,-0.9473
300,2021/3/24,4985.401,5024.327,4919.893,4928.685,1593859.82,26597002.02,-1.6082
300,2021/3/25,4904.068,4950.761,4883.662,4926.347,1329451.89,21978204.95,-0.0474
300,2021/3/26,4953.945,5050.829,4953.945,5037.99,1459266.97,27390192.24,2.2662
300,2021/3/29,5052.263,5086.654,5010.39,5046.877,1433882.15,26617660,0.1764
300,2021/3/30,5043.095,5106.037,5032.795,5094.729,1386185.6,25492801.45,0.9482
300,2021/3/31,5085.95,5085.95,5015.607,5048.361,1413357.43,24105848.56,-0.9101
300,2021/4/1,5059.936,5115.429,5056.872,5110.777,1203248.9,21149332.44,1.2364
300,2021/4/2,5129.855,5169.831,5116.347,5161.557,1270022.54,24806037.62,0.9936
300,2021/4/6,5178.64,5181.149,5125.33,5140.342,1098342.1,21385244.41,-0.411
300,2021/4/7,5141.656,5141.656,5065.193,5103.743,1457637.48,24627119.03,-0.712
300,2021/4/8,5078.263,5129.132,5062.073,5112.209,1417710.47,22842200.47,0.1659
300,2021/4/9,5100.042,5100.042,5022.093,5035.337,1284165.09,22151979.17,-1.5037
300,2021/4/12,5026.979,5045.602,4933.013,4947.746,1526443.14,26721819.58,-1.7395
300,2021/4/13,4949.81,4994.54,4924.2,4939.64,,,
300,2021/4/14,4945.686,4987.119,4940.269,4980.628,1208608.38,22103627.61,0.8297
300,2021/4/15,4969.91,4969.91,4900.303,4948.974,1088293.84,21382088.41,-0.6355
300,2021/4/16,4966.9,4979.173,4917.96,4966.181,1112399.24,21338917.37,0.3477
300,2021/4/19,4966.409,5088.211,4940.747,5087.017,1547698.24,30789977.67,2.4332
300,2021/4/20,5065.776,5119.859,5058.925,5083.365,1365417,27664058.82,-0.0718
300,2021/4/21,5055.24,5110.562,5047.992,5098.745,1246372.77,24257499.53,0.3026
300,2021/4/22,5114.28,5119.225,5067.138,5089.244,1211676.45,24148884.58,-0.1863
300,2021/4/23,5088.826,5149.983,5086.491,5135.453,1220569.91,26434518.31,0.908
300,2021/4/26,5156.594,5181.107,5072.959,5077.237,1513819.67,32576038.43,-1.1336
300,2021/4/27,5076.642,5095.984,5042.61,5090.52,1239618.37,25473800.98,0.2616
300,2021/4/28,5073.973,5119.446,5059.263,5119.242,1206203.18,27218252.19,0.5642
300,2021/4/29,5128.28,5170.585,5113.648,5164.169,1400924.8,29411245.44,0.8776
300,2021/4/30,5156.356,5163.252,5094.929,5123.489,1601216.21,31507510.29,-0.7877
